Player,Position,Age,Team,Game,Minutes,FGA,FG%,3PA,3P%,Rebound,Asist,Point,salary,Years,Sal_Mid,Age_Mid,Year_Mid,log10_Salary
Steven Adams,C,25.0,OKC,80.0,33.4,10.1,0.595,0.0,0.0,9.5,1.6,13.9,24157303,6.0,22.5,25,6,7.383048446604777
Bam Adebayo,C,21.0,MIA,82.0,23.3,5.9,0.5760000000000001,0.2,0.2,7.3,2.2,8.9,2955840,2.0,2.5,20,2,6.470680921942766
LaMarcus Aldridge,C,33.0,SAS,81.0,33.2,16.3,0.519,0.5,0.23800000000000002,9.2,2.4,21.3,22347015,13.0,22.5,33,14,7.349219520505727
Grayson Allen,SG,23.0,UTA,38.0,10.9,4.7,0.376,2.6,0.32299999999999995,0.6,0.7,5.6,2074320,1.0,2.5,23,2,6.316875754711681
Jarrett Allen,C,20.0,BRK,80.0,26.2,7.1,0.59,0.6,0.133,8.4,1.4,10.9,2034120,2.0,2.5,20,2,6.3083765699242695
Al-Farouq Aminu,PF,28.0,POR,81.0,28.3,7.3,0.433,3.5,0.34299999999999997,7.5,1.3,9.4,6957105,9.0,7.5,27,10,6.842428557989888
Justin Anderson,SF,25.0,ATL,48.0,9.6,3.3,0.408,1.6,0.312,1.8,0.5,3.7,2516048,4.0,2.5,25,4,6.4007189221215155
Kyle Anderson,SF,25.0,MEM,43.0,29.8,6.4,0.5429999999999999,0.8,0.265,5.8,3.0,8.0,8641000,5.0,7.5,25,6,6.936564005135266
Ryan Anderson,PF,30.0,TOT,25.0,12.9,2.8,0.304,1.6,0.225,2.2,0.8,2.5,20421546,11.0,22.5,29,12,7.31008861697977
Ike Anigbogu,C,20.0,IND,3.0,2.0,1.0,0.0,0.0,0.0,1.0,0.3,0.0,1378242,1.0,2.5,20,2,6.139325480298095
Giannis Antetokounmpo,PF,24.0,MIL,72.0,32.8,17.3,0.578,2.8,0.256,12.5,5.9,27.7,24157303,6.0,22.5,23,6,7.383048446604777
Carmelo Anthony,PF,34.0,HOU,10.0,29.4,12.1,0.405,6.4,0.32799999999999996,5.4,0.5,13.4,1512601,16.0,2.5,33,16,6.179724383177859
OG Anunoby,SF,21.0,TOR,67.0,20.2,6.0,0.45299999999999996,3.0,0.332,2.9,0.7,7.0,2034120,2.0,2.5,20,2,6.3083765699242695
Trevor Ariza,SF,33.0,TOT,69.0,34.0,10.7,0.39899999999999997,6.3,0.33399999999999996,5.4,3.7,12.5,15000000,15.0,12.5,33,16,7.176091259055681
D.J. Augustin,PG,31.0,ORL,81.0,28.0,8.4,0.47,3.8,0.42100000000000004,2.5,5.3,11.7,7250000,11.0,7.5,31,12,6.860338006570994
Deandre Ayton,C,20.0,PHO,71.0,30.7,12.3,0.585,0.1,0.0,10.3,1.8,16.3,8165160,1.0,7.5,20,2,6.911964699352697
Dwayne Bacon,SG,23.0,CHO,43.0,17.7,6.0,0.475,2.0,0.43700000000000006,2.1,1.1,7.3,1378242,2.0,2.5,23,2,6.139325480298095
Lonzo Ball,PG,21.0,LAL,47.0,30.3,9.7,0.406,4.9,0.32899999999999996,5.3,5.4,9.9,7461960,2.0,7.5,20,2,6.872852916665969
Harrison Barnes,PF,26.0,TOT,77.0,32.9,13.3,0.42,5.7,0.395,4.7,1.5,16.4,24107258,7.0,22.5,25,8,7.382147815802977
Will Barton,SF,28.0,DEN,43.0,27.7,10.7,0.402,4.6,0.342,4.6,2.9,11.5,11830358,7.0,12.5,27,8,7.072997887068508
Keita Bates-Diop,SF,23.0,MIN,30.0,16.8,4.7,0.423,1.7,0.25,2.8,0.6,5.0,838464,1.0,1.0,23,2,5.92348442062489
Nicolas Batum,SF,30.0,CHO,75.0,31.4,7.5,0.45,4.0,0.389,5.2,3.3,9.3,24000000,11.0,22.5,29,12,7.380211241711606
Jerryd Bayless,PG,30.0,MIN,34.0,19.3,6.8,0.35700000000000004,2.9,0.29600000000000004,1.8,3.5,6.1,8575916,10.0,7.5,29,10,6.933280518510642
Bradley Beal,SG,25.0,WAS,82.0,36.9,19.6,0.475,7.3,0.35100000000000003,5.0,5.5,25.6,25434263,7.0,27.5,25,8,7.405419157746007
Malik Beasley,SG,22.0,DEN,81.0,23.2,9.1,0.474,5.0,0.402,2.5,1.2,11.3,1773840,3.0,2.5,20,4,6.2489144439901425
Michael Beasley,PF,30.0,LAL,26.0,10.7,5.9,0.49,0.7,0.17600000000000002,2.3,1.0,7.0,3500000,10.0,2.5,29,10,6.544068044350276
Marco Belinelli,SG,32.0,SAS,79.0,23.0,8.7,0.413,5.0,0.37200000000000005,2.5,1.7,10.5,6153846,12.0,7.5,31,12,6.789146623827745
Jordan Bell,C,24.0,GSW,68.0,11.6,2.8,0.516,0.0,0.0,2.7,1.1,3.3,1378242,2.0,2.5,23,2,6.139325480298095
DeAndre' Bembry,SG,24.0,ATL,82.0,23.5,7.5,0.446,2.1,0.289,4.4,2.5,8.4,1634640,3.0,2.5,23,4,6.213422121994215
Dragan Bender,PF,21.0,PHO,46.0,18.0,4.3,0.447,2.2,0.218,4.0,1.2,5.0,4661280,3.0,2.5,20,4,6.668505191497823
Patrick Beverley,PG,30.0,LAC,78.0,27.4,6.1,0.40700000000000003,3.6,0.397,5.0,3.8,7.6,5027028,7.0,7.5,29,8,6.70131130420791
Bismack Biyombo,C,26.0,CHO,54.0,14.5,2.9,0.5710000000000001,0.0,0.0,4.6,0.6,4.4,17000000,8.0,17.5,25,8,7.230448921378274
Nemanja Bjelica,PF,30.0,SAC,77.0,23.2,7.7,0.479,3.3,0.401,5.8,1.9,9.6,6500000,4.0,7.5,29,4,6.812913356642856
Eric Bledsoe,PG,29.0,MIL,78.0,29.1,12.4,0.484,4.8,0.32899999999999996,4.6,5.5,15.9,15000000,9.0,12.5,29,10,7.176091259055681
Andrew Bogut,C,34.0,GSW,11.0,12.2,3.3,0.5,0.0,0.0,5.0,1.0,3.5,307648,13.0,1.0,33,14,5.488054096112534
Jonah Bolden,PF,23.0,PHI,44.0,14.5,3.7,0.494,2.2,0.354,3.8,0.9,4.7,1690000,1.0,2.5,23,2,6.227886704613674
Isaac Bonga,PG,19.0,LAL,22.0,5.5,1.5,0.152,0.4,0.0,1.1,0.7,0.9,1000000,1.0,1.0,20,2,6.0
Devin Booker,SG,22.0,PHO,64.0,35.0,19.6,0.467,6.5,0.326,4.1,6.8,26.6,3314365,4.0,2.5,20,4,6.5204003341246795
Avery Bradley,SG,28.0,TOT,63.0,30.2,9.7,0.408,3.9,0.35100000000000003,2.8,2.4,9.9,12000000,9.0,12.5,27,10,7.079181246047625
Tony Bradley,C,21.0,UTA,3.0,12.0,5.3,0.5,0.0,0.0,5.0,0.3,5.7,1679520,2.0,2.5,20,2,6.225185179858494
Corey Brewer,SF,32.0,TOT,31.0,15.9,4.0,0.431,1.4,0.318,2.5,1.3,4.9,2000000,11.0,2.5,31,12,6.301029995663981
Mikal Bridges,SF,22.0,PHO,82.0,29.5,6.9,0.43,3.8,0.335,3.2,2.1,8.3,3552960,1.0,2.5,20,2,6.55059031813468
Miles Bridges,SF,20.0,CHO,80.0,21.2,6.4,0.46399999999999997,2.5,0.325,4.0,1.2,7.5,3206640,1.0,2.5,20,2,6.50605020570661
Malcolm Brogdon,SG,26.0,MIL,64.0,28.6,11.7,0.505,3.8,0.426,4.5,3.2,15.6,1544951,3.0,2.5,25,4,6.188914709801581
Dillon Brooks,SF,23.0,MEM,18.0,18.3,6.8,0.402,2.2,0.375,1.7,0.9,7.5,1378242,2.0,2.5,23,2,6.139325480298095
MarShon Brooks,SG,30.0,MEM,29.0,13.3,5.8,0.45,1.9,0.278,1.6,0.9,6.6,1656092,4.0,2.5,29,4,6.2190844592498955
Bruce Brown,SG,22.0,DET,74.0,19.6,4.2,0.39799999999999996,1.3,0.258,2.5,1.2,4.3,838464,1.0,1.0,20,2,5.92348442062489
Jaylen Brown,SG,22.0,BOS,74.0,25.9,10.7,0.465,3.7,0.344,4.2,1.4,13.0,5169960,3.0,7.5,20,4,6.7134871829688985
Sterling Brown,SG,23.0,MIL,58.0,17.8,5.4,0.465,2.5,0.361,3.2,1.4,6.4,1378242,2.0,2.5,23,2,6.139325480298095
Jalen Brunson,PG,22.0,DAL,73.0,21.8,7.7,0.467,2.5,0.348,2.3,3.2,9.3,1230000,1.0,2.5,20,2,6.089905111439398
Thomas Bryant,C,21.0,WAS,72.0,20.8,7.0,0.616,1.4,0.33299999999999996,6.3,1.3,10.5,1378242,2.0,2.5,20,2,6.139325480298095
Reggie Bullock,SG,27.0,TOT,63.0,29.8,9.4,0.41200000000000003,6.2,0.377,2.7,2.0,11.3,2500000,6.0,2.5,27,6,6.3979400086720375
Trey Burke,PG,26.0,TOT,58.0,19.4,9.4,0.431,2.7,0.35200000000000004,1.7,2.7,10.9,1795015,6.0,2.5,25,6,6.254068082100973
Alec Burks,SG,27.0,TOT,64.0,21.5,7.4,0.405,2.6,0.363,3.7,2.0,8.8,11536515,8.0,12.5,27,8,7.062074635089109
Jimmy Butler,SF,29.0,TOT,65.0,33.6,13.9,0.462,3.0,0.34700000000000003,5.3,4.0,18.7,20445779,8.0,22.5,29,8,7.310603662161388
Bruno Caboclo,SF,23.0,MEM,34.0,23.5,6.6,0.42700000000000005,3.8,0.369,4.6,1.5,8.3,522151,5.0,1.0,23,6,5.717796114081933
Kentavious Caldwell-Pope,SG,25.0,LAL,82.0,24.8,9.2,0.43,5.3,0.34700000000000003,2.9,1.3,11.4,12000000,6.0,12.5,25,6,7.079181246047625
Isaiah Canaan,PG,27.0,TOT,30.0,21.0,5.5,0.39,3.2,0.354,1.9,2.8,6.0,1512601,5.0,2.5,27,6,6.179724383177859
Clint Capela,C,24.0,HOU,67.0,33.6,10.9,0.648,0.0,0.0,12.7,1.4,16.6,13793104,5.0,12.5,23,6,7.1396620108007856
DeMarre Carroll,PF,32.0,BRK,67.0,25.4,8.6,0.395,4.6,0.342,5.2,1.3,11.1,15400000,10.0,17.5,31,10,7.187520720836463
Jevon Carter,PG,23.0,MEM,39.0,14.8,4.7,0.303,2.6,0.33299999999999996,1.7,1.8,4.4,838464,1.0,1.0,23,2,5.92348442062489
Vince Carter,PF,42.0,ATL,76.0,17.5,6.2,0.419,4.2,0.389,2.6,1.1,7.4,1512601,21.0,2.5,40,22,6.179724383177859
Michael Carter-Williams,PG,27.0,TOT,28.0,13.3,4.4,0.374,1.4,0.263,2.5,2.5,4.8,59820,6.0,1.0,27,6,4.7768464086953
Omri Casspi,SF,30.0,MEM,36.0,14.4,4.5,0.534,1.2,0.349,3.2,0.7,6.3,1512601,9.0,2.5,29,10,6.179724383177859
Willie Cauley-Stein,C,25.0,SAC,81.0,27.3,9.1,0.556,0.0,0.5,8.4,2.4,11.9,4696875,4.0,2.5,25,4,6.671809002267002
Tyson Chandler,C,36.0,TOT,55.0,15.9,1.8,0.616,0.0,0.0,5.6,0.7,3.1,1333140,18.0,2.5,35,18,6.124875759342462
Wilson Chandler,PF,31.0,TOT,51.0,23.1,5.4,0.418,3.1,0.373,4.2,1.6,6.0,12800562,11.0,12.5,31,12,7.107229037471369
Marquese Chriss,PF,21.0,TOT,43.0,11.6,4.2,0.37200000000000005,1.7,0.222,3.3,0.5,4.2,3206160,3.0,2.5,20,4,6.505985191562491
Jordan Clarkson,SG,26.0,CLE,81.0,27.3,14.6,0.44799999999999995,5.5,0.324,3.3,2.4,16.8,12500000,5.0,12.5,25,6,7.096910013008056
John Collins,PF,21.0,ATL,61.0,30.0,13.6,0.56,2.6,0.348,9.8,2.0,19.5,2299080,2.0,2.5,20,2,6.361554083472005
Zach Collins,C,21.0,POR,77.0,17.6,5.2,0.473,1.6,0.331,4.2,0.9,6.6,3628920,2.0,2.5,20,2,6.559777394229349
Darren Collison,PG,31.0,IND,76.0,28.2,8.7,0.467,2.6,0.40700000000000003,3.1,6.0,11.2,10000000,9.0,7.5,31,10,7.0
Mike Conley,PG,31.0,MEM,70.0,33.5,16.0,0.43799999999999994,6.1,0.364,3.4,6.4,21.1,30521115,12.0,32.5,31,12,7.484600395256044
Pat Connaughton,SG,26.0,MIL,61.0,20.7,5.7,0.466,3.3,0.33,4.2,2.0,6.9,1641000,4.0,2.5,25,4,6.2151085810530935
DeMarcus Cousins,C,28.0,GSW,30.0,25.7,12.4,0.48,3.2,0.27399999999999997,8.2,3.6,16.3,5337000,8.0,7.5,27,8,6.727297202803587
Allen Crabbe,SG,26.0,BRK,43.0,26.3,8.7,0.36700000000000005,6.0,0.37799999999999995,3.4,1.1,9.6,18500000,6.0,17.5,25,6,7.267171728403014
Jamal Crawford,SG,38.0,PHO,64.0,18.9,6.8,0.397,3.2,0.332,1.3,3.6,7.9,1512601,18.0,2.5,37,18,6.179724383177859
Jae Crowder,SF,28.0,UTA,80.0,27.1,10.0,0.39899999999999997,6.5,0.331,4.8,1.7,11.9,7305825,7.0,7.5,27,8,6.86366926513232
Dante Cunningham,PF,31.0,SAS,64.0,14.5,2.5,0.475,1.0,0.462,2.9,0.8,3.0,2487000,9.0,2.5,31,10,6.395675785269936
Stephen Curry,PG,30.0,GSW,69.0,33.8,19.4,0.47200000000000003,11.7,0.43700000000000006,5.3,5.2,27.3,37457154,10.0,37.5,29,10,7.573534776534944
Anthony Davis,C,25.0,NOP,56.0,33.0,18.3,0.517,2.6,0.331,12.0,3.9,25.9,25434263,7.0,27.5,25,8,7.405419157746007
Deyonta Davis,C,22.0,ATL,9.0,13.1,2.4,0.682,0.1,0.0,4.0,0.6,4.0,25367,2.0,1.0,20,2,4.404269108905424
Ed Davis,C,29.0,BRK,81.0,17.9,3.7,0.616,0.0,0.0,8.6,0.8,5.8,4449000,9.0,2.5,29,10,6.648262405748045
Sam Dekker,PF,24.0,TOT,47.0,16.8,5.4,0.469,1.3,0.306,3.1,1.0,6.1,2760095,3.0,2.5,23,4,6.4409240303499065
Luol Deng,SF,33.0,MIN,22.0,17.8,5.4,0.5,2.0,0.318,3.3,0.8,7.1,1512601,14.0,2.5,33,14,6.179724383177859
DeMar DeRozan,SG,29.0,SAS,77.0,34.9,17.1,0.48100000000000004,0.6,0.156,6.0,6.2,21.2,27739975,10.0,27.5,29,10,7.443106065339755
Cheick Diallo,PF,22.0,NOP,64.0,14.0,4.2,0.62,0.1,0.25,5.2,0.5,6.0,1544951,3.0,2.5,20,4,6.188914709801581
Hamidou Diallo,SG,20.0,OKC,51.0,10.3,3.2,0.455,0.5,0.16699999999999998,1.9,0.3,3.7,838464,1.0,1.0,20,2,5.92348442062489
Gorgui Dieng,C,29.0,MIN,76.0,13.6,5.0,0.501,0.7,0.33899999999999997,4.1,0.9,6.4,15170787,6.0,17.5,29,6,7.181008110838923
Spencer Dinwiddie,PG,25.0,BRK,68.0,28.1,12.2,0.442,5.4,0.335,2.4,4.6,16.8,1656092,5.0,2.5,25,6,6.2190844592498955
Donte DiVincenzo,SG,22.0,MIL,27.0,15.2,4.6,0.40299999999999997,3.1,0.265,2.4,1.1,4.9,2481000,1.0,2.5,20,2,6.394626764272209
Tyler Dorsey,SG,22.0,TOT,48.0,14.5,5.5,0.405,2.8,0.33299999999999996,2.4,1.2,6.2,1378242,1.0,2.5,20,2,6.139325480298095
Damyean Dotson,SG,24.0,NYK,73.0,27.5,9.6,0.415,4.7,0.368,3.6,1.8,10.7,1378242,2.0,2.5,23,2,6.139325480298095
Andre Drummond,C,25.0,DET,79.0,33.5,13.3,0.5329999999999999,0.5,0.132,15.6,1.4,17.3,25434263,7.0,27.5,25,8,7.405419157746007
Jared Dudley,PF,33.0,BRK,59.0,20.7,4.1,0.423,2.6,0.35100000000000003,2.6,1.4,4.9,9530000,12.0,7.5,33,12,6.979092900638326
Kris Dunn,PG,24.0,CHI,46.0,30.2,11.0,0.425,2.1,0.354,4.1,6.0,11.3,4221000,3.0,2.5,23,4,6.625415352154408
Kevin Durant,SF,30.0,GSW,78.0,34.6,17.7,0.521,5.0,0.353,6.4,5.9,26.0,30000000,11.0,27.5,29,12,7.477121254719663
Henry Ellenson,PF,22.0,TOT,19.0,13.6,5.0,0.41100000000000003,2.0,0.447,3.5,0.8,6.0,341831,3.0,1.0,20,4,5.533811445507152
Wayne Ellington,SG,31.0,TOT,53.0,24.5,8.6,0.40299999999999997,7.0,0.371,2.0,1.4,10.3,2383076,10.0,2.5,31,10,6.377137892893794
Joel Embiid,C,24.0,PHI,64.0,33.7,18.7,0.484,4.1,0.3,13.6,3.7,27.5,25467250,3.0,27.5,23,4,7.405982051586906
Jacob Evans,SG,21.0,GSW,30.0,6.8,1.8,0.34,0.5,0.267,0.8,0.8,1.3,1644240,1.0,2.5,20,2,6.21596520923099
Jawun Evans,PG,22.0,TOT,8.0,8.1,1.8,0.214,0.4,0.0,1.5,1.3,0.8,1378242,1.0,2.5,20,2,6.139325480298095
Tyreke Evans,SG,29.0,IND,69.0,20.3,9.6,0.389,3.1,0.35600000000000004,2.9,2.4,10.2,12400000,9.0,12.5,29,10,7.093421685162235
Dante Exum,PG,23.0,UTA,42.0,15.8,5.7,0.419,1.5,0.29,1.6,2.6,6.9,9600000,4.0,7.5,23,4,6.982271233039568
Kenneth Faried,C,29.0,TOT,37.0,19.7,7.2,0.589,0.7,0.32,6.8,0.5,10.4,683661,7.0,1.0,29,8,5.834840805923307
Derrick Favors,C,27.0,UTA,76.0,23.2,8.1,0.586,1.0,0.218,7.4,1.2,11.8,16900000,9.0,17.5,27,10,7.227886704613674
Raymond Felton,PG,34.0,OKC,33.0,11.5,4.1,0.40700000000000003,1.8,0.32799999999999996,1.0,1.6,4.3,1512601,13.0,2.5,33,14,6.179724383177859
Terrance Ferguson,SG,20.0,OKC,74.0,26.1,5.8,0.429,3.9,0.366,1.9,1.0,6.9,2118840,2.0,2.5,20,2,6.32609816306255
Evan Fournier,SG,26.0,ORL,81.0,31.5,13.2,0.43799999999999994,5.6,0.34,3.2,3.6,15.1,17150000,7.0,17.5,25,8,7.2342641243787895
De'Aaron Fox,PG,21.0,SAC,81.0,31.4,13.6,0.45799999999999996,2.9,0.371,3.8,7.3,17.3,5470920,2.0,7.5,20,2,6.738060364235964
Jimmer Fredette,SG,29.0,PHO,6.0,10.8,4.8,0.276,2.2,0.0,1.2,1.3,3.7,208509,5.0,1.0,29,6,5.319124805429586
Channing Frye,C,35.0,CLE,36.0,9.5,3.3,0.368,2.2,0.405,1.4,0.6,3.6,1512601,12.0,2.5,35,12,6.179724383177859
Markelle Fultz,SG,20.0,PHI,19.0,22.5,8.2,0.419,0.7,0.28600000000000003,3.7,3.1,8.2,8339880,2.0,7.5,20,2,6.921159801751316
Danilo Gallinari,SF,30.0,LAC,68.0,30.3,13.0,0.46299999999999997,5.5,0.433,6.1,2.6,19.8,21587579,10.0,22.5,29,10,7.334203939884203
Marc Gasol,C,34.0,TOT,79.0,30.8,11.0,0.44799999999999995,3.5,0.363,7.9,4.4,13.6,24119025,11.0,22.5,33,12,7.382359747677137
Pau Gasol,C,38.0,TOT,30.0,12.0,3.1,0.447,0.4,0.462,4.6,1.7,3.9,333285,17.0,1.0,37,18,5.5228157680145
Rudy Gay,PF,32.0,SAS,69.0,26.7,10.8,0.504,2.7,0.402,6.8,2.6,13.7,10087200,13.0,12.5,31,14,7.003770631717043
Paul George,SF,28.0,OKC,77.0,36.9,21.0,0.43799999999999994,9.8,0.386,8.2,4.1,28.0,30560700,9.0,32.5,27,10,7.48516329763453
Taj Gibson,PF,33.0,MIN,70.0,24.1,7.7,0.5660000000000001,0.5,0.324,6.5,1.2,10.8,14000000,10.0,12.5,33,10,7.146128035678238
Shai Gilgeous-Alexander,PG,20.0,LAC,82.0,26.5,8.7,0.47600000000000003,1.7,0.36700000000000005,2.8,3.3,10.8,3375360,1.0,2.5,20,2,6.528320099441303
Rudy Gobert,C,26.0,UTA,81.0,31.8,8.8,0.669,0.0,0.0,12.9,2.0,15.9,23241573,6.0,22.5,25,6,7.36626551795675
Aaron Gordon,PF,23.0,ORL,78.0,33.8,13.4,0.449,4.4,0.349,7.4,3.7,16.0,21590909,5.0,22.5,23,6,7.334270926974052
Eric Gordon,SG,30.0,HOU,68.0,31.7,13.8,0.409,8.8,0.36,2.2,1.9,16.2,13500375,11.0,12.5,29,12,7.130345832063066
Marcin Gortat,C,34.0,LAC,47.0,16.0,4.0,0.532,0.0,0.0,5.6,1.4,5.0,13565218,11.0,12.5,33,12,7.132426777488423
Devonte' Graham,PG,23.0,CHO,46.0,14.7,4.7,0.34299999999999997,2.6,0.281,1.4,2.6,4.7,988464,1.0,1.0,23,2,5.99496085687068
Jerami Grant,PF,24.0,OKC,80.0,32.7,10.3,0.49700000000000005,3.7,0.392,5.2,1.0,13.6,8653847,5.0,7.5,23,6,6.937209212604892
Jerian Grant,PG,26.0,ORL,60.0,15.7,3.7,0.418,1.8,0.364,1.6,2.6,4.2,2639314,3.0,2.5,25,4,6.42149106144214
Danny Green,SG,31.0,TOR,80.0,27.7,7.9,0.465,5.4,0.455,4.0,1.6,10.3,10000000,10.0,7.5,31,10,7.0
Draymond Green,PF,28.0,GSW,66.0,31.3,6.4,0.445,2.5,0.285,7.3,6.9,7.4,17469565,7.0,17.5,27,8,7.242282090990276
Gerald Green,SG,33.0,HOU,73.0,20.2,7.9,0.4,6.0,0.354,2.5,0.5,9.2,1512601,11.0,2.5,33,12,6.179724383177859
Jeff Green,PF,32.0,WAS,77.0,27.2,8.9,0.475,4.2,0.34700000000000003,4.0,1.8,12.3,1512601,11.0,2.5,31,12,6.179724383177859
Blake Griffin,PF,29.0,DET,75.0,35.0,17.9,0.462,7.0,0.36200000000000004,7.5,5.4,24.5,32088932,9.0,32.5,29,10,7.50635526292831
Daniel Hamilton,SG,23.0,ATL,19.0,10.7,3.2,0.38299999999999995,1.2,0.348,2.5,1.2,3.0,1349383,1.0,2.5,23,2,6.130135234459635
James Harden,PG,29.0,HOU,78.0,36.8,24.5,0.442,13.2,0.368,6.6,7.5,36.1,30421854,10.0,32.5,29,10,7.4831856777457055
Maurice Harkless,SF,25.0,POR,60.0,23.6,6.5,0.48700000000000004,2.0,0.275,4.5,1.2,7.7,10837079,7.0,12.5,25,8,7.034912239293652
Montrezl Harrell,C,25.0,LAC,82.0,26.3,10.8,0.615,0.2,0.17600000000000002,6.5,2.0,16.6,6000000,4.0,7.5,25,4,6.778151250383644
Devin Harris,PG,35.0,DAL,68.0,15.8,5.1,0.38,2.9,0.31,1.6,1.8,6.3,1512601,14.0,2.5,35,14,6.179724383177859
Gary Harris,SG,24.0,DEN,57.0,28.8,11.2,0.424,4.2,0.33899999999999997,2.8,2.2,12.9,16517857,5.0,17.5,23,6,7.217953701976771
Joe Harris,SG,27.0,BRK,76.0,30.2,9.8,0.5,5.1,0.474,3.8,2.4,13.7,8333333,5.0,7.5,27,6,6.920818736580595
Tobias Harris,PF,26.0,TOT,82.0,34.7,15.3,0.48700000000000004,4.8,0.397,7.9,2.8,20.0,14800000,8.0,12.5,25,8,7.1702617153949575
Andrew Harrison,PG,24.0,TOT,17.0,11.0,3.1,0.302,1.5,0.2,1.2,1.4,3.2,1544951,2.0,2.5,23,2,6.188914709801581
Josh Hart,SG,23.0,LAL,67.0,25.6,6.9,0.40700000000000003,4.1,0.336,3.7,1.4,7.8,1655160,2.0,2.5,23,2,6.218839982255802
Isaiah Hartenstein,PF,20.0,HOU,28.0,7.9,1.5,0.488,0.2,0.33299999999999996,1.7,0.5,1.9,838464,1.0,1.0,20,2,5.92348442062489
Gordon Hayward,PF,28.0,BOS,72.0,25.9,8.8,0.466,3.2,0.33299999999999996,4.5,3.4,11.5,31214295,9.0,32.5,27,10,7.494353530487319
John Henson,C,28.0,MIL,14.0,13.4,4.8,0.46299999999999997,2.2,0.355,5.1,1.0,5.6,11327466,7.0,12.5,27,8,7.054132767294874
Mario Hezonja,SF,23.0,NYK,58.0,20.8,8.0,0.41200000000000003,2.6,0.276,4.1,1.5,8.8,6500000,4.0,7.5,23,4,6.812913356642856
Buddy Hield,SG,26.0,SAC,82.0,31.9,16.6,0.45799999999999996,7.9,0.42700000000000005,5.0,2.5,20.7,3844760,3.0,2.5,25,4,6.584869235183285
George Hill,PG,32.0,TOT,60.0,21.7,6.3,0.452,2.6,0.314,2.5,2.3,7.6,19000000,11.0,17.5,31,12,7.278753600952829
Solomon Hill,SF,27.0,NOP,44.0,20.0,4.0,0.382,2.3,0.317,3.0,1.3,4.3,12252928,6.0,12.5,27,6,7.088239881541069
Aaron Holiday,PG,22.0,IND,50.0,12.9,5.2,0.401,2.5,0.33899999999999997,1.3,1.7,5.9,1911960,1.0,2.5,20,2,6.281478802186425
Jrue Holiday,SG,28.0,NOP,67.0,35.9,17.3,0.47200000000000003,5.4,0.325,5.0,7.7,21.2,25976111,10.0,27.5,27,10,7.414574131430406
Rondae Hollis-Jefferson,SF,24.0,BRK,59.0,20.9,8.3,0.41100000000000003,0.8,0.184,5.3,1.6,8.9,2470357,4.0,2.5,23,4,6.3927597192218455
Richaun Holmes,C,25.0,PHO,70.0,16.9,5.2,0.608,0.0,0.0,4.7,0.9,8.2,1600520,4.0,2.5,25,4,6.204261105431335
Rodney Hood,SG,26.0,TOT,72.0,26.3,9.3,0.435,3.3,0.35600000000000004,2.2,1.8,11.2,3472887,5.0,2.5,25,6,6.540690652566493
Al Horford,C,32.0,BOS,68.0,29.0,10.6,0.535,3.0,0.36,6.7,4.2,13.6,28928709,12.0,27.5,31,12,7.461329052843056
Dwight Howard,C,33.0,WAS,9.0,25.6,7.7,0.623,0.0,0.0,9.2,0.4,12.8,5337000,15.0,7.5,33,16,6.727297202803587
Kevin Huerter,SG,20.0,ATL,75.0,27.3,8.8,0.419,4.7,0.385,3.3,2.9,9.7,2250960,1.0,2.5,20,2,6.3523677775711
Chandler Hutchison,SF,22.0,CHI,44.0,20.3,4.8,0.45899999999999996,1.1,0.28,4.2,0.8,5.2,1990520,1.0,2.5,20,2,6.298966545570456
Serge Ibaka,C,29.0,TOR,74.0,27.2,11.9,0.529,2.3,0.29,8.1,1.3,15.0,21666667,10.0,22.5,29,10,7.335792108604647
Andre Iguodala,SF,35.0,GSW,68.0,23.2,4.4,0.5,2.1,0.33299999999999996,3.7,3.2,5.7,16000000,15.0,17.5,35,16,7.204119982655925
Brandon Ingram,SF,21.0,LAL,52.0,33.8,14.0,0.49700000000000005,1.8,0.33,5.1,3.0,18.3,5757120,3.0,7.5,20,4,6.760205281877348
Kyrie Irving,PG,26.0,BOS,67.0,33.0,18.5,0.48700000000000004,6.5,0.401,5.0,6.9,23.8,20099189,8.0,22.5,25,8,7.303178534040857
Jonathan Isaac,PF,21.0,ORL,75.0,26.6,8.1,0.429,3.5,0.32299999999999995,5.5,1.1,9.6,4969080,2.0,2.5,20,2,6.696275988751746
Frank Jackson,PG,20.0,NOP,61.0,19.2,7.3,0.434,2.8,0.314,2.2,1.1,8.1,1378242,1.0,2.5,20,2,6.139325480298095
Josh Jackson,SG,21.0,PHO,79.0,25.2,10.6,0.413,2.8,0.324,4.4,2.3,11.5,6041520,2.0,7.5,20,2,6.781146217522458
Justin Jackson,SF,23.0,TOT,81.0,19.9,6.0,0.447,3.0,0.355,2.6,1.2,7.2,2807880,-1.0,2.5,23,22,6.44837854346794
Reggie Jackson,PG,28.0,DET,82.0,27.9,12.8,0.42100000000000004,5.7,0.369,2.6,4.2,15.4,17043478,8.0,17.5,27,8,7.2315582243555
LeBron James,SF,34.0,LAL,55.0,35.2,19.9,0.51,5.9,0.33899999999999997,8.5,8.3,27.4,35654150,16.0,37.5,33,16,7.552110087265143
John Jenkins,SG,27.0,TOT,26.0,12.8,4.0,0.4,2.2,0.379,1.4,0.8,4.7,486520,5.0,1.0,27,6,5.687100698070156
Jonas Jerebko,PF,31.0,GSW,73.0,16.7,4.9,0.45899999999999996,2.6,0.36700000000000005,3.9,1.3,6.3,1512601,8.0,2.5,31,8,6.179724383177859
Alize Johnson,PF,22.0,IND,14.0,4.6,1.1,0.25,0.1,0.5,1.4,0.1,0.9,838464,1.0,1.0,20,2,5.92348442062489
Amir Johnson,C,31.0,PHI,51.0,10.4,3.1,0.503,0.8,0.3,2.9,1.2,3.9,1512601,13.0,2.5,31,14,6.179724383177859
James Johnson,PF,31.0,MIA,55.0,21.2,6.9,0.433,2.7,0.336,3.2,2.5,7.8,14651700,10.0,12.5,31,10,7.165888017713063
Stanley Johnson,SF,22.0,TOT,66.0,18.3,6.7,0.389,3.3,0.28800000000000003,3.3,1.3,6.9,3940402,4.0,2.5,20,4,6.595540530829576
Wesley Johnson,SF,31.0,TOT,38.0,14.1,3.4,0.35200000000000004,2.0,0.32899999999999996,1.9,0.6,3.4,6134520,8.0,7.5,31,8,6.787780586703332
Damian Jones,C,23.0,GSW,24.0,17.1,3.1,0.716,0.0,0.0,3.1,1.2,5.4,1544951,3.0,2.5,23,4,6.188914709801581
Tyus Jones,PG,22.0,MIN,68.0,22.9,6.6,0.415,1.9,0.317,2.0,4.8,6.9,2444053,4.0,2.5,20,4,6.388110619474759
DeAndre Jordan,C,30.0,TOT,69.0,29.7,6.5,0.6409999999999999,0.0,0.0,13.1,2.3,11.0,22897200,11.0,22.5,29,12,7.359782377584539
Cory Joseph,PG,27.0,IND,82.0,25.2,6.7,0.41200000000000003,2.1,0.322,3.4,3.9,6.5,7945000,8.0,7.5,27,8,6.900093901543398
Frank Kaminsky,C,25.0,CHO,47.0,16.1,6.3,0.46299999999999997,3.0,0.36,3.5,1.3,8.6,3627842,4.0,2.5,25,4,6.55964836437969
Enes Kanter,C,26.0,TOT,67.0,24.5,10.2,0.5489999999999999,0.5,0.294,9.8,1.7,13.7,487109,8.0,1.0,25,8,5.687626153825985
Luke Kennard,SG,22.0,DET,63.0,22.8,8.3,0.43799999999999994,4.3,0.39399999999999996,2.9,1.8,9.7,3275280,2.0,2.5,20,2,6.515248433261224
Michael Kidd-Gilchrist,PF,25.0,CHO,64.0,18.4,5.2,0.47600000000000003,0.7,0.34,3.8,1.0,6.7,13000000,7.0,12.5,25,8,7.113943352306837
Brandon Knight,PG,27.0,TOT,39.0,18.9,6.7,0.381,3.3,0.318,1.5,1.8,6.8,14631250,7.0,12.5,27,8,7.165281431040699
Furkan Korkmaz,SG,21.0,PHI,48.0,14.1,5.1,0.4,3.0,0.326,2.2,1.1,5.8,1740000,2.0,2.5,20,2,6.2405492482825995
Kyle Korver,SG,37.0,TOT,70.0,19.1,6.9,0.41600000000000004,5.0,0.397,2.3,1.2,8.6,7560000,16.0,7.5,37,16,6.878521795501206
Kosta Koufos,C,29.0,SAC,42.0,12.0,3.6,0.47700000000000004,0.0,0.0,4.2,0.9,3.7,8739500,10.0,7.5,29,10,6.9414865867016236
Rodions Kurucs,SF,20.0,BRK,63.0,20.5,7.1,0.45,2.9,0.315,3.9,0.8,8.5,1618320,1.0,2.5,20,2,6.209064401388246
Kyle Kuzma,PF,23.0,LAL,70.0,33.1,15.5,0.456,6.0,0.303,5.5,2.5,18.7,1689840,2.0,2.5,23,2,6.227845586029861
Jeremy Lamb,SG,26.0,CHO,79.0,28.5,12.4,0.44,4.2,0.348,5.5,2.2,15.3,7488372,7.0,7.5,25,8,6.8743874107212815
Zach LaVine,SG,23.0,CHI,63.0,34.5,18.0,0.467,5.1,0.374,4.7,4.5,23.7,19500000,5.0,17.5,23,6,7.290034611362518
Jake Layman,SF,24.0,POR,71.0,18.7,6.0,0.509,2.5,0.326,3.1,0.7,7.6,1544951,3.0,2.5,23,4,6.188914709801581
T.J. Leaf,PF,21.0,IND,58.0,9.0,3.2,0.541,0.5,0.258,2.2,0.4,3.9,2407560,2.0,2.5,20,2,6.381577119200191
Courtney Lee,SG,33.0,TOT,34.0,12.6,3.8,0.41100000000000003,1.6,0.29100000000000004,1.6,1.1,4.0,12253780,11.0,12.5,33,12,7.088270078897542
Alex Len,C,25.0,ATL,77.0,20.1,8.4,0.494,2.6,0.363,5.5,1.1,11.1,4350000,6.0,2.5,25,6,6.638489256954637
Kawhi Leonard,SF,27.0,TOR,60.0,34.0,18.8,0.496,5.0,0.371,7.3,3.3,26.6,23114067,8.0,22.5,27,8,7.3638763678182535
Meyers Leonard,C,26.0,POR,61.0,14.4,4.0,0.545,1.8,0.45,3.8,1.2,5.9,10595506,7.0,12.5,25,8,7.025121701750965
Jon Leuer,PF,29.0,DET,41.0,9.8,2.8,0.584,0.3,0.091,2.4,0.3,3.8,10002681,7.0,12.5,29,8,7.000116418745363
Caris LeVert,SF,24.0,BRK,40.0,26.6,12.1,0.429,3.9,0.312,3.8,3.9,13.7,1702800,3.0,2.5,23,4,6.231163641505099
Damian Lillard,PG,28.0,POR,80.0,35.5,19.2,0.444,8.0,0.369,4.6,6.9,25.8,27977689,7.0,27.5,27,8,7.446811838247366
Shaun Livingston,PG,33.0,GSW,64.0,15.1,3.3,0.519,0.0,0.0,1.8,1.8,4.0,8307692,13.0,7.5,33,14,6.919480387095132
Kevon Looney,C,22.0,GSW,80.0,18.5,4.3,0.625,0.1,0.1,5.2,1.5,6.3,1512601,4.0,2.5,20,4,6.179724383177859
Brook Lopez,C,30.0,MIL,81.0,28.7,9.7,0.452,6.3,0.365,4.9,1.2,12.5,3382000,11.0,2.5,29,12,6.529173603261723
Robin Lopez,C,30.0,CHI,74.0,21.7,7.2,0.568,0.4,0.226,3.9,1.2,9.5,14357750,11.0,12.5,29,12,7.157086387040978
Kevin Love,PF,30.0,CLE,22.0,27.2,12.9,0.385,6.7,0.361,10.9,2.2,17.0,24119025,11.0,22.5,29,12,7.382359747677137
Kyle Lowry,PG,32.0,TOR,65.0,34.0,11.4,0.41100000000000003,7.0,0.34700000000000003,4.8,8.7,14.2,31200000,13.0,32.5,31,14,7.494154594018442
Tyler Lydon,PF,22.0,DEN,25.0,3.8,0.7,0.5,0.4,0.4,0.7,0.2,0.9,1874640,1.0,2.5,20,2,6.272917879517272
Trey Lyles,PF,23.0,DEN,64.0,17.5,7.7,0.418,3.1,0.255,3.8,1.4,8.5,3364249,4.0,2.5,23,4,6.526888131990324
Shelvin Mack,PG,28.0,TOT,57.0,21.9,7.1,0.40399999999999997,2.3,0.354,1.8,3.2,7.5,1512601,7.0,2.5,27,8,6.179724383177859
Ian Mahinmi,C,32.0,WAS,34.0,14.6,3.1,0.452,0.5,0.188,3.8,0.7,4.1,15944154,11.0,17.5,31,12,7.2026014804382426
Thon Maker,C,21.0,TOT,64.0,15.2,4.2,0.40700000000000003,2.4,0.32,3.2,0.7,5.0,2799720,3.0,2.5,20,4,6.447114599722411
Lauri Markkanen,PF,21.0,CHI,52.0,32.3,15.3,0.43,6.4,0.361,9.0,1.4,18.7,4536120,2.0,2.5,20,2,6.656684535004886
Jarell Martin,PF,24.0,ORL,42.0,7.8,2.5,0.413,1.4,0.35100000000000003,1.7,0.4,2.7,2416222,3.0,2.5,23,4,6.383136834314022
Luc Mbah a Moute,PF,32.0,LAC,4.0,15.3,4.5,0.444,1.5,0.33299999999999996,1.8,0.5,5.0,4320500,10.0,2.5,31,10,6.635534009471285
Patrick McCaw,SG,23.0,TOT,29.0,13.7,2.2,0.413,1.0,0.321,1.7,1.0,2.6,777665,3.0,1.0,23,4,5.890792553309094
CJ McCollum,SG,27.0,POR,70.0,33.9,17.8,0.45899999999999996,6.4,0.375,4.0,3.0,21.0,25759766,6.0,27.5,27,6,7.410941913603522
Doug McDermott,SF,27.0,IND,77.0,17.4,5.5,0.491,2.7,0.408,1.4,0.9,7.3,7333333,5.0,7.5,27,6,6.865301406361885
JaVale McGee,C,31.0,LAL,75.0,22.3,8.5,0.624,0.2,0.083,7.5,0.7,12.0,1512601,11.0,2.5,31,12,6.179724383177859
Ben McLemore,SG,25.0,SAC,19.0,8.3,3.4,0.391,2.2,0.415,0.9,0.2,3.9,5460000,6.0,7.5,25,6,6.737192642704737
Jordan McRae,SG,27.0,WAS,27.0,12.3,4.8,0.469,1.3,0.28600000000000003,1.5,1.1,5.9,17092,3.0,1.0,27,4,4.232792884145159
Jodie Meeks,SG,31.0,TOR,8.0,13.0,4.9,0.5379999999999999,2.3,0.444,1.5,1.0,6.4,3454500,9.0,2.5,31,10,6.538385197019912
De'Anthony Melton,PG,20.0,PHO,50.0,19.7,5.1,0.391,1.9,0.305,2.7,3.2,5.0,949000,1.0,1.0,20,2,5.977266212427293
Chimezie Metu,PF,21.0,SAS,29.0,5.0,2.0,0.32799999999999996,0.1,0.0,1.2,0.4,1.8,838464,1.0,1.0,20,2,5.92348442062489
Khris Middleton,SF,27.0,MIL,77.0,31.1,14.9,0.441,6.2,0.37799999999999995,6.0,4.3,18.3,13000000,7.0,12.5,27,8,7.113943352306837
C.J. Miles,SF,31.0,TOT,53.0,16.2,5.9,0.36,3.8,0.33,1.8,0.7,6.4,8333333,14.0,7.5,31,14,6.920818736580595
Darius Miller,SF,28.0,NOP,69.0,25.5,7.0,0.39,5.3,0.365,1.9,2.1,8.2,2205000,4.0,2.5,27,4,6.343408593803857
Patty Mills,PG,30.0,SAS,82.0,23.3,8.1,0.425,4.9,0.39399999999999996,2.2,3.0,9.9,11571429,10.0,12.5,29,10,7.063386994949373
Paul Millsap,PF,33.0,DEN,70.0,27.1,9.5,0.484,2.3,0.365,7.2,2.0,12.6,29230769,13.0,27.5,33,14,7.465840240881333
Donovan Mitchell,SG,22.0,UTA,77.0,33.7,19.9,0.43200000000000005,6.7,0.36200000000000004,4.1,4.2,23.8,3111480,2.0,2.5,20,2,6.4929670137673625
Malik Monk,SG,20.0,CHO,73.0,17.2,8.0,0.387,4.5,0.33,1.9,1.6,8.9,3447480,2.0,2.5,20,2,6.537501755365702
Greg Monroe,C,28.0,TOT,43.0,11.2,4.4,0.48700000000000004,0.1,0.2,4.0,0.6,5.3,59820,8.0,1.0,27,8,4.7768464086953
E'Twaun Moore,SG,29.0,NOP,53.0,27.6,10.0,0.48100000000000004,3.3,0.43200000000000005,2.4,1.9,11.9,8808685,8.0,7.5,29,8,6.944911079822995
Markieff Morris,PF,29.0,TOT,58.0,21.9,8.3,0.42100000000000004,3.5,0.335,4.6,1.4,9.4,427288,8.0,1.0,29,8,5.630720696217705
Monte Morris,PG,23.0,DEN,82.0,24.0,8.6,0.493,2.8,0.414,2.4,3.6,10.4,1349383,2.0,2.5,23,2,6.130135234459635
Emmanuel Mudiay,PG,22.0,NYK,59.0,27.2,12.5,0.446,3.6,0.32899999999999996,3.3,3.9,14.8,4294480,4.0,2.5,20,4,6.632910584511238
Jamal Murray,PG,21.0,DEN,75.0,32.6,15.6,0.43700000000000006,5.5,0.36700000000000005,4.2,4.8,18.2,3499800,3.0,2.5,20,4,6.544043226813659
Mike Muscala,PF,27.0,TOT,64.0,20.4,5.6,0.402,4.0,0.348,3.8,1.2,7.0,5000000,6.0,2.5,27,6,6.698970004336019
Sviatoslav Mykhailiuk,SF,21.0,TOT,42.0,10.5,3.3,0.32899999999999996,2.1,0.326,0.9,0.9,3.2,1487694,1.0,2.5,20,2,6.17251361146668
Abdel Nader,SF,25.0,OKC,61.0,11.4,3.5,0.423,1.6,0.32,1.9,0.3,4.0,1378242,2.0,2.5,25,2,6.139325480298095
Shabazz Napier,PG,27.0,BRK,56.0,17.6,7.8,0.389,4.1,0.33299999999999996,1.8,2.6,9.4,1942422,5.0,2.5,27,6,6.288343588271036
Raul Neto,PG,26.0,UTA,37.0,12.8,4.4,0.46,1.6,0.33299999999999996,1.7,2.5,5.3,2150000,4.0,2.5,25,4,6.332438459915605
Georges Niang,PF,25.0,UTA,59.0,8.7,3.1,0.475,1.8,0.41,1.5,0.6,4.0,1512601,3.0,2.5,25,4,6.179724383177859
Joakim Noah,C,33.0,MEM,42.0,16.5,5.1,0.516,0.0,0.0,5.7,2.1,7.1,1093858,11.0,2.5,33,12,6.038960947391275
Nerlens Noel,C,24.0,OKC,77.0,13.7,3.6,0.5870000000000001,0.0,0.0,4.2,0.6,4.9,1757429,5.0,2.5,23,6,6.2448777885817215
Dirk Nowitzki,PF,40.0,DAL,51.0,15.6,7.4,0.359,4.0,0.312,3.1,0.7,7.3,5000000,20.0,2.5,39,20,6.698970004336019
Frank Ntilikina,PG,20.0,NYK,43.0,21.0,6.6,0.337,2.7,0.287,2.0,2.8,5.7,4155720,2.0,2.5,20,2,6.618646278405966
Kyle O'Quinn,C,28.0,IND,45.0,8.2,3.0,0.507,0.3,0.083,2.6,1.2,3.5,4449000,7.0,2.5,27,8,6.648262405748045
Semi Ojeleye,PF,24.0,BOS,56.0,10.6,2.8,0.424,1.6,0.315,1.5,0.4,3.3,1378242,2.0,2.5,23,2,6.139325480298095
Jahlil Okafor,C,23.0,NOP,59.0,15.8,6.1,0.586,0.1,0.2,4.7,0.7,8.2,1567707,4.0,2.5,23,4,6.195264897523401
Josh Okogie,SG,20.0,MIN,74.0,23.7,6.9,0.386,2.9,0.27899999999999997,2.9,1.2,7.7,2160720,1.0,2.5,20,2,6.334598491856121
Victor Oladipo,SG,26.0,IND,36.0,31.9,16.3,0.423,6.0,0.34299999999999997,5.6,5.2,18.8,21000000,6.0,22.5,25,6,7.3222192947339195
Kelly Olynyk,PF,27.0,MIA,79.0,22.9,7.1,0.46299999999999997,4.0,0.354,4.7,1.8,10.0,12537527,6.0,12.5,27,6,7.098211881297738
Cedi Osman,SF,23.0,CLE,76.0,32.2,11.1,0.42700000000000005,4.9,0.348,4.7,2.6,13.0,2775000,2.0,2.5,23,2,6.443262987458695
Zaza Pachulia,C,34.0,DET,68.0,12.9,2.8,0.44,0.1,0.0,3.9,1.3,3.9,1512601,15.0,2.5,33,16,6.179724383177859
Jabari Parker,PF,23.0,TOT,64.0,26.9,11.7,0.493,3.0,0.313,6.6,2.4,14.5,20000000,5.0,17.5,23,6,7.301029995663981
Tony Parker,PG,36.0,CHO,56.0,17.9,8.3,0.46,0.9,0.255,1.5,3.7,9.5,5000000,17.0,2.5,35,18,6.698970004336019
Chandler Parsons,SF,30.0,MEM,25.0,19.8,7.3,0.374,3.8,0.309,2.8,1.7,7.5,24107258,8.0,22.5,29,8,7.382147815802977
Patrick Patterson,PF,29.0,OKC,63.0,13.7,3.5,0.374,2.2,0.336,2.3,0.5,3.6,5451600,9.0,7.5,29,10,6.736523982862251
Justin Patton,C,21.0,PHI,3.0,7.0,2.3,0.28600000000000003,0.7,0.0,2.0,1.0,1.7,2667600,2.0,2.5,20,2,6.426120708746615
Chris Paul,PG,33.0,HOU,58.0,32.0,12.4,0.419,6.1,0.358,4.6,8.2,15.6,35654150,14.0,37.5,33,14,7.552110087265143
Cameron Payne,PG,24.0,TOT,40.0,17.8,5.6,0.43,2.1,0.298,1.8,2.7,6.3,3263294,3.0,2.5,23,4,6.51365620245041
Elfrid Payton,PG,24.0,NOP,42.0,29.8,9.8,0.434,2.5,0.314,5.2,7.6,10.6,3000000,5.0,2.5,23,6,6.477121254719663
Mason Plumlee,C,28.0,DEN,82.0,21.1,5.4,0.593,0.1,0.2,6.4,3.0,7.8,12917808,6.0,12.5,27,6,7.111188825248143
Miles Plumlee,C,30.0,ATL,18.0,9.6,2.7,0.667,0.0,0.0,2.2,0.9,4.4,12500000,6.0,12.5,29,6,7.096910013008056
Quincy Pondexter,SF,30.0,SAS,53.0,5.5,1.1,0.5,0.3,0.33299999999999996,0.9,0.5,1.8,1512601,6.0,2.5,29,6,6.179724383177859
Bobby Portis,PF,23.0,TOT,50.0,26.0,12.6,0.444,3.8,0.39299999999999996,8.1,1.4,14.2,2494346,4.0,2.5,23,4,6.39695669592211
Dwight Powell,C,27.0,DAL,77.0,21.6,6.3,0.597,1.6,0.307,5.3,1.5,10.6,9631250,5.0,7.5,27,6,6.983682656062495
Norman Powell,SG,25.0,TOR,60.0,18.8,6.7,0.483,2.8,0.4,2.3,1.5,8.6,9367200,4.0,7.5,25,4,6.971609792992854
Zhou Qi,PF,23.0,HOU,1.0,1.0,1.0,1.0,0.0,0.0,0.0,0.0,2.0,1378242,1.0,2.5,23,2,6.139325480298095
Ivan Rabb,PF,21.0,MEM,49.0,14.7,4.3,0.547,0.3,0.2,4.2,1.1,5.8,1378242,1.0,2.5,20,2,6.139325480298095
Julius Randle,PF,24.0,NOP,73.0,30.6,14.9,0.524,2.7,0.344,8.7,3.1,21.4,8641000,5.0,7.5,23,6,6.936564005135266
Josh Richardson,SG,25.0,MIA,73.0,34.8,14.1,0.41200000000000003,6.3,0.35700000000000004,3.6,4.1,16.6,9367200,4.0,7.5,25,4,6.971609792992854
Malachi Richardson,SG,23.0,TOR,22.0,4.7,1.3,0.31,1.1,0.32,0.6,0.0,1.4,1569360,2.0,2.5,23,2,6.195722579074371
Austin Rivers,SG,26.0,TOT,76.0,26.7,7.5,0.406,4.3,0.318,2.1,2.2,8.1,922943,7.0,1.0,25,8,5.965174880278493
Jerome Robinson,SG,21.0,LAC,33.0,9.7,3.3,0.4,1.7,0.316,1.2,0.6,3.4,3046200,1.0,2.5,20,2,6.483758413788249
Mitchell Robinson,C,20.0,NYK,66.0,20.6,4.4,0.6940000000000001,0.0,0.0,6.4,0.6,7.3,1485440,1.0,2.5,20,2,6.171855114439805
Rajon Rondo,PG,32.0,LAL,46.0,29.8,9.4,0.405,3.1,0.359,5.3,8.0,9.2,9000000,13.0,7.5,31,14,6.954242509439325
Derrick Rose,PG,30.0,MIN,51.0,27.3,14.8,0.48200000000000004,2.9,0.37,2.7,4.3,18.0,1512601,10.0,2.5,29,10,6.179724383177859
Terrence Ross,SG,27.0,ORL,81.0,26.5,12.7,0.428,7.0,0.38299999999999995,3.5,1.7,15.1,10500000,7.0,12.5,27,8,7.021189299069938
Terry Rozier,PG,24.0,BOS,79.0,22.7,8.4,0.387,4.3,0.353,3.9,2.9,9.0,3050390,4.0,2.5,23,4,6.484355368533665
Ricky Rubio,PG,28.0,UTA,68.0,27.9,10.7,0.40399999999999997,3.7,0.311,3.6,6.1,12.7,14975000,8.0,12.5,27,8,7.175366831061349
D'Angelo Russell,PG,22.0,BRK,81.0,30.2,18.7,0.434,7.8,0.369,3.9,7.0,21.1,7019698,4.0,7.5,20,4,6.846318428404051
Domantas Sabonis,C,22.0,IND,74.0,24.8,9.5,0.59,0.2,0.529,9.3,2.9,14.1,2659800,3.0,2.5,20,4,6.424848981682978
Mike Scott,PF,30.0,TOT,79.0,17.7,5.3,0.4,3.2,0.401,3.5,0.8,5.8,4320500,7.0,2.5,29,8,6.635534009471285
Thabo Sefolosha,SF,34.0,UTA,50.0,12.2,3.0,0.47700000000000004,1.6,0.436,2.5,0.5,3.8,5250000,13.0,7.5,33,14,6.720159303405957
Collin Sexton,PG,20.0,CLE,82.0,31.8,14.7,0.43,3.6,0.402,2.9,3.0,16.7,4068600,1.0,2.5,20,2,6.609444994760653
Landry Shamet,SG,21.0,TOT,79.0,22.8,7.1,0.431,5.0,0.42200000000000004,1.7,1.5,9.1,1703649,1.0,2.5,20,2,6.231380122669367
Iman Shumpert,SG,28.0,TOT,62.0,23.9,7.2,0.374,4.4,0.348,3.0,1.8,7.5,11011234,8.0,12.5,27,8,7.041835991938147
Pascal Siakam,PF,24.0,TOR,80.0,31.9,11.8,0.5489999999999999,2.7,0.369,6.9,3.1,16.9,1544951,3.0,2.5,23,4,6.188914709801581
Ben Simmons,PG,22.0,PHI,79.0,34.2,12.2,0.563,0.1,0.0,8.8,7.7,16.9,6434520,2.0,7.5,20,2,6.808516155105754
Anfernee Simons,SG,19.0,POR,20.0,7.1,3.2,0.444,1.5,0.345,0.7,0.7,3.8,1760520,1.0,2.5,20,2,6.245640963141108
Marcus Smart,SG,24.0,BOS,80.0,27.5,7.1,0.42200000000000004,4.3,0.364,2.9,4.0,8.9,11660716,5.0,12.5,23,6,7.066725218116144
Jason Smith,C,32.0,TOT,20.0,9.5,3.0,0.35600000000000004,1.3,0.34600000000000003,2.6,0.7,3.3,5450000,10.0,7.5,31,10,6.7363965022766426
Zhaire Smith,SG,19.0,PHI,6.0,18.5,5.7,0.41200000000000003,2.7,0.375,2.2,1.7,6.7,2526840,1.0,2.5,20,2,6.4025777431795
Tony Snell,SF,27.0,MIL,74.0,17.6,4.9,0.452,2.8,0.397,2.1,0.9,6.0,10807143,6.0,12.5,27,6,7.033710898085788
Ray Spalding,PF,21.0,TOT,14.0,10.6,3.4,0.532,0.2,0.0,3.4,0.4,3.9,184746,0.0,1.0,20,2,5.266575044107547
Omari Spellman,PF,21.0,ATL,46.0,17.5,5.3,0.402,2.8,0.344,4.2,1.0,5.9,1620480,1.0,2.5,20,2,6.209643675329205
Nik Stauskas,SG,25.0,TOT,68.0,14.9,5.0,0.402,2.8,0.37200000000000005,1.9,1.2,5.9,504200,4.0,1.0,25,4,5.702602841340427
Lance Stephenson,SG,28.0,LAL,68.0,16.5,6.4,0.426,2.9,0.371,3.2,2.1,7.2,4449000,8.0,2.5,27,8,6.648262405748045
Caleb Swanigan,PF,21.0,TOT,21.0,8.5,2.5,0.34,0.3,0.14300000000000002,3.0,0.5,2.0,1740000,2.0,2.5,20,2,6.2405492482825995
Jayson Tatum,SF,20.0,BOS,79.0,31.1,13.1,0.45,3.9,0.373,6.0,2.1,15.7,6700800,2.0,7.5,20,2,6.82612665566273
Jeff Teague,PG,30.0,MIN,42.0,30.1,9.9,0.423,2.5,0.33299999999999996,2.5,8.2,12.1,19000000,10.0,17.5,29,10,7.278753600952829
Isaiah Thomas,SG,29.0,DEN,12.0,15.1,8.3,0.34299999999999997,3.6,0.27899999999999997,1.1,1.9,8.1,1512601,8.0,2.5,29,8,6.179724383177859
Khyri Thomas,SG,22.0,DET,26.0,7.5,2.7,0.319,1.3,0.28600000000000003,0.8,0.3,2.3,838464,1.0,1.0,20,2,5.92348442062489
Klay Thompson,SG,28.0,GSW,78.0,34.0,18.0,0.467,7.7,0.402,3.8,2.4,21.5,18988725,7.0,17.5,27,8,7.278495804965876
Tristan Thompson,C,27.0,CLE,43.0,27.9,8.8,0.529,0.0,0.0,10.2,2.0,10.9,17469565,8.0,17.5,27,8,7.242282090990276
Sindarius Thornwell,SG,24.0,LAC,64.0,4.9,0.8,0.34700000000000003,0.2,0.2,0.7,0.3,1.0,1378242,1.0,2.5,23,2,6.139325480298095
Karl-Anthony Towns,C,23.0,MIN,77.0,33.1,17.1,0.518,4.6,0.4,12.4,3.4,24.4,7839435,4.0,7.5,23,4,6.894284763548675
P.J. Tucker,PF,33.0,HOU,82.0,34.2,6.4,0.396,4.7,0.377,5.8,1.2,7.3,7969537,8.0,7.5,33,8,6.901433091259857
Evan Turner,PG,30.0,POR,73.0,22.0,6.1,0.46,0.7,0.212,4.5,3.9,6.8,17868853,9.0,17.5,29,10,7.252096676078222
Myles Turner,C,22.0,IND,74.0,28.6,10.5,0.48700000000000004,2.6,0.38799999999999996,7.2,1.6,13.3,3410284,4.0,2.5,20,4,6.532790547466694
Ekpe Udoh,C,31.0,UTA,51.0,6.3,1.4,0.6940000000000001,0.0,0.0,1.8,0.5,2.3,3360000,6.0,2.5,31,6,6.526339277389844
Jarred Vanderbilt,PF,19.0,DEN,17.0,4.1,1.1,0.474,0.1,0.0,1.4,0.2,1.4,838464,1.0,1.0,20,2,5.92348442062489
Noah Vonleh,PF,23.0,NYK,68.0,25.3,6.5,0.47,2.0,0.336,7.8,1.9,8.4,1512601,5.0,2.5,23,6,6.179724383177859
Dwyane Wade,SG,37.0,MIA,72.0,26.2,13.3,0.433,3.6,0.33,4.0,4.2,15.0,1512601,15.0,2.5,37,16,6.179724383177859
Moritz Wagner,C,21.0,LAL,43.0,10.4,4.0,0.415,1.8,0.28600000000000003,2.0,0.6,4.8,1762080,1.0,2.5,20,2,6.246025621879574
Dion Waiters,SG,27.0,MIA,44.0,25.9,10.9,0.414,6.6,0.377,2.6,2.8,12.0,11550000,7.0,12.5,27,8,7.062581984228163
Kemba Walker,PG,28.0,CHO,82.0,34.9,20.5,0.434,8.9,0.35600000000000004,4.4,5.9,25.6,12000000,8.0,12.5,27,8,7.079181246047625
John Wall,PG,28.0,WAS,32.0,34.5,17.3,0.444,5.3,0.302,3.6,8.7,20.7,19169800,8.0,17.5,27,8,7.282617581873916
Tyrone Wallace,PG,24.0,LAC,62.0,10.1,3.5,0.424,0.3,0.21100000000000002,1.6,0.7,3.5,1349383,2.0,2.5,23,2,6.130135234459635
T.J. Warren,SF,25.0,PHO,43.0,31.6,14.2,0.486,4.2,0.428,4.0,1.5,18.0,11750000,5.0,12.5,25,6,7.0700378666077555
Russell Westbrook,PG,30.0,OKC,73.0,36.0,20.2,0.428,5.6,0.29,11.1,10.7,22.9,35654150,11.0,37.5,29,12,7.552110087265143
Derrick White,PG,24.0,SAS,67.0,25.8,8.1,0.479,2.1,0.33799999999999997,3.7,3.9,9.9,1667160,2.0,2.5,23,2,6.2219772817611805
Hassan Whiteside,C,29.0,MIA,72.0,23.3,9.4,0.5710000000000001,0.2,0.125,11.3,0.8,12.3,25434262,7.0,27.5,29,8,7.405419140670832
Andrew Wiggins,SF,23.0,MIN,73.0,34.8,16.6,0.41200000000000003,4.8,0.33899999999999997,4.8,2.5,18.1,25467250,5.0,27.5,23,6,7.405982051586906
Lou Williams,SG,32.0,LAC,75.0,26.6,15.2,0.425,3.9,0.361,3.0,5.4,20.0,8000000,14.0,7.5,31,14,6.903089986991944
Marvin Williams,PF,32.0,CHO,75.0,28.4,8.7,0.42200000000000004,5.1,0.366,5.4,1.2,10.1,14087500,14.0,12.5,31,14,7.148833929054163
D.J. Wilson,PF,22.0,MIL,48.0,18.4,5.2,0.414,2.6,0.36200000000000004,4.6,1.1,5.8,2534280,2.0,2.5,20,2,6.4038545962368705
Justise Winslow,SF,22.0,MIA,66.0,29.7,11.3,0.433,3.9,0.375,5.4,4.3,12.6,3448926,4.0,2.5,20,4,6.537683876264627
Delon Wright,PG,26.0,TOT,75.0,22.7,7.4,0.434,2.2,0.298,3.5,3.3,8.7,2536898,4.0,2.5,25,4,6.404303006075621
Guerschon Yabusele,PF,23.0,BOS,41.0,6.1,1.9,0.455,0.7,0.321,1.3,0.4,2.3,2667600,1.0,2.5,23,2,6.426120708746615
Nick Young,SG,33.0,DEN,4.0,9.3,2.3,0.33299999999999996,2.0,0.375,0.3,0.5,2.3,1042584,11.0,2.5,33,12,6.018111055748271
Thaddeus Young,PF,30.0,IND,81.0,30.7,10.4,0.527,1.8,0.349,6.5,2.5,12.6,13964045,12.0,12.5,29,12,7.1450112396852665
Trae Young,PG,20.0,ATL,81.0,30.9,15.5,0.418,6.0,0.324,3.7,8.1,19.1,5356440,1.0,7.5,20,2,6.728876244539259
Cody Zeller,C,26.0,CHO,49.0,25.4,7.0,0.551,0.4,0.273,6.8,2.1,10.1,13528090,6.0,12.5,25,6,7.13123648388399
Tyler Zeller,C,29.0,TOT,6.0,15.5,5.0,0.5329999999999999,0.2,0.0,4.0,0.7,7.7,59820,6.0,1.0,29,6,4.7768464086953
Ivica Zubac,C,21.0,TOT,59.0,17.6,6.4,0.5589999999999999,0.0,0.0,6.1,1.1,8.9,1544951,3.0,2.5,20,4,6.188914709801581
