Player,Position,Age,Team,Game,GS,Minutes,FG,FGA,FG%,3P,3PA,3P%,2P,2PA,2P%,eFG%,FT,FTA,FT%,ORB,DRB,Rebound,Assist,STL,BLK,TOV,PF,Point,salary,Years,Sal_Mid,Age_Mid,Year_Mid,Point_Mid
Steven Adams,C,25.0,OKC,80.0,80.0,33.4,6.0,10.1,0.595,0.0,0.0,0.0,6.0,10.1,0.596,0.595,1.8,3.7,0.5,4.9,4.6,9.5,1.6,1.5,1.0,1.7,2.6,13.9,24157303,6.0,24.0,25,6,14
Bam Adebayo,C,21.0,MIA,82.0,28.0,23.3,3.4,5.9,0.5760000000000001,0.0,0.2,0.2,3.4,5.7,0.588,0.579,2.0,2.8,0.735,2.0,5.3,7.3,2.2,0.9,0.8,1.5,2.5,8.9,2955840,2.0,2.0,20,2,8
LaMarcus Aldridge,C,33.0,SAS,81.0,81.0,33.2,8.4,16.3,0.519,0.1,0.5,0.23800000000000002,8.3,15.8,0.528,0.522,4.3,5.1,0.847,3.1,6.1,9.2,2.4,0.5,1.3,1.8,2.2,21.3,22347015,13.0,22.0,33,12,22
Grayson Allen,SG,23.0,UTA,38.0,2.0,10.9,1.8,4.7,0.376,0.8,2.6,0.32299999999999995,0.9,2.1,0.44299999999999995,0.466,1.2,1.6,0.75,0.1,0.5,0.6,0.7,0.2,0.2,0.9,1.2,5.6,2074320,1.0,2.0,23,2,6
Jarrett Allen,C,20.0,BRK,80.0,80.0,26.2,4.2,7.1,0.59,0.1,0.6,0.133,4.1,6.5,0.629,0.595,2.5,3.5,0.7090000000000001,2.4,6.0,8.4,1.4,0.5,1.5,1.3,2.3,10.9,2034120,2.0,2.0,20,2,10
Al-Farouq Aminu,PF,28.0,POR,81.0,81.0,28.3,3.2,7.3,0.433,1.2,3.5,0.34299999999999997,2.0,3.9,0.514,0.514,1.9,2.1,0.867,1.4,6.1,7.5,1.3,0.8,0.4,0.9,1.8,9.4,6957105,9.0,6.0,27,8,10
Justin Anderson,SF,25.0,ATL,48.0,4.0,9.6,1.3,3.3,0.408,0.5,1.6,0.312,0.8,1.7,0.5,0.484,0.5,0.7,0.743,0.5,1.3,1.8,0.5,0.5,0.3,0.5,1.0,3.7,2516048,4.0,2.0,25,4,4
Kyle Anderson,SF,25.0,MEM,43.0,40.0,29.8,3.5,6.4,0.5429999999999999,0.2,0.8,0.265,3.3,5.6,0.583,0.56,0.9,1.5,0.578,1.1,4.7,5.8,3.0,1.3,0.9,1.3,2.6,8.0,8641000,5.0,8.0,25,4,8
Ryan Anderson,PF,30.0,TOT,25.0,8.0,12.9,0.8,2.8,0.304,0.4,1.6,0.225,0.5,1.2,0.414,0.37,0.5,0.6,0.75,0.7,1.4,2.2,0.8,0.2,0.0,0.6,1.0,2.5,20421546,11.0,20.0,29,10,2
Ike Anigbogu,C,20.0,IND,3.0,0.0,2.0,0.0,1.0,0.0,0.0,0.0,0.0,0.0,1.0,0.0,0.0,0.0,0.0,0.0,0.3,0.7,1.0,0.3,0.0,0.3,0.3,0.0,0.0,1378242,1.0,2.0,20,2,0
Giannis Antetokounmpo,PF,24.0,MIL,72.0,72.0,32.8,10.0,17.3,0.578,0.7,2.8,0.256,9.3,14.5,0.6409999999999999,0.599,6.9,9.5,0.7290000000000001,2.2,10.3,12.5,5.9,1.3,1.5,3.7,3.2,27.7,24157303,6.0,24.0,23,6,28
Carmelo Anthony,PF,34.0,HOU,10.0,2.0,29.4,4.9,12.1,0.405,2.1,6.4,0.32799999999999996,2.8,5.7,0.491,0.49200000000000005,1.5,2.2,0.682,0.9,4.5,5.4,0.5,0.4,0.7,0.8,3.2,13.4,1512601,16.0,2.0,33,16,14
OG Anunoby,SF,21.0,TOR,67.0,6.0,20.2,2.7,6.0,0.45299999999999996,1.0,3.0,0.332,1.7,3.0,0.574,0.536,0.5,0.9,0.581,0.9,2.1,2.9,0.7,0.7,0.3,0.8,2.1,7.0,2034120,2.0,2.0,20,2,6
Trevor Ariza,SF,33.0,TOT,69.0,69.0,34.0,4.3,10.7,0.39899999999999997,2.1,6.3,0.33399999999999996,2.2,4.4,0.493,0.498,1.9,2.4,0.7929999999999999,0.7,4.7,5.4,3.7,1.3,0.3,1.5,1.9,12.5,15000000,15.0,14.0,33,14,12
D.J. Augustin,PG,31.0,ORL,81.0,81.0,28.0,3.9,8.4,0.47,1.6,3.8,0.42100000000000004,2.3,4.5,0.511,0.5660000000000001,2.2,2.6,0.866,0.5,2.0,2.5,5.3,0.6,0.0,1.6,1.4,11.7,7250000,11.0,8.0,31,10,12
Deandre Ayton,C,20.0,PHO,71.0,70.0,30.7,7.2,12.3,0.585,0.0,0.1,0.0,7.2,12.2,0.588,0.585,2.0,2.7,0.746,3.1,7.1,10.3,1.8,0.9,0.9,1.8,2.9,16.3,8165160,1.0,8.0,20,2,16
Dwayne Bacon,SG,23.0,CHO,43.0,13.0,17.7,2.8,6.0,0.475,0.9,2.0,0.43700000000000006,2.0,4.0,0.494,0.5489999999999999,0.8,1.1,0.7390000000000001,0.2,1.9,2.1,1.1,0.3,0.1,0.4,1.7,7.3,1378242,2.0,2.0,23,2,8
Lonzo Ball,PG,21.0,LAL,47.0,45.0,30.3,3.9,9.7,0.406,1.6,4.9,0.32899999999999996,2.3,4.9,0.48200000000000004,0.488,0.4,1.0,0.41700000000000004,1.1,4.2,5.3,5.4,1.5,0.4,2.2,2.4,9.9,7461960,2.0,8.0,20,2,10
Harrison Barnes,PF,26.0,TOT,77.0,77.0,32.9,5.6,13.3,0.42,2.3,5.7,0.395,3.3,7.6,0.439,0.504,3.0,3.6,0.8240000000000001,0.7,3.9,4.7,1.5,0.6,0.2,1.3,1.6,16.4,24107258,7.0,24.0,25,6,16
Will Barton,SF,28.0,DEN,43.0,38.0,27.7,4.3,10.7,0.402,1.6,4.6,0.342,2.7,6.1,0.447,0.475,1.3,1.7,0.77,0.7,3.9,4.6,2.9,0.4,0.5,1.5,1.9,11.5,11830358,7.0,12.0,27,6,12
Keita Bates-Diop,SF,23.0,MIN,30.0,3.0,16.8,2.0,4.7,0.423,0.4,1.7,0.25,1.6,3.0,0.522,0.46799999999999997,0.6,0.9,0.643,0.5,2.2,2.8,0.6,0.6,0.5,0.5,1.0,5.0,838464,1.0,0.5,23,2,4
Nicolas Batum,SF,30.0,CHO,75.0,72.0,31.4,3.4,7.5,0.45,1.5,4.0,0.389,1.8,3.5,0.519,0.5529999999999999,1.0,1.2,0.865,0.9,4.3,5.2,3.3,0.9,0.6,1.6,1.9,9.3,24000000,11.0,24.0,29,10,10
Jerryd Bayless,PG,30.0,MIN,34.0,6.0,19.3,2.4,6.8,0.35700000000000004,0.9,2.9,0.29600000000000004,1.6,3.9,0.402,0.42,0.5,0.8,0.5710000000000001,0.3,1.5,1.8,3.5,0.5,0.1,0.9,1.6,6.1,8575916,10.0,8.0,29,10,6
Bradley Beal,SG,25.0,WAS,82.0,82.0,36.9,9.3,19.6,0.475,2.5,7.3,0.35100000000000003,6.8,12.4,0.5479999999999999,0.54,4.4,5.5,0.8079999999999999,1.1,3.9,5.0,5.5,1.5,0.7,2.7,2.8,25.6,25434263,7.0,26.0,25,6,26
Malik Beasley,SG,22.0,DEN,81.0,18.0,23.2,4.3,9.1,0.474,2.0,5.0,0.402,2.3,4.1,0.56,0.584,0.7,0.8,0.848,0.4,2.0,2.5,1.2,0.7,0.1,0.7,1.4,11.3,1773840,3.0,2.0,20,2,12
Michael Beasley,PF,30.0,LAL,26.0,2.0,10.7,2.9,5.9,0.49,0.1,0.7,0.17600000000000002,2.8,5.2,0.529,0.5,1.1,1.5,0.718,0.5,1.8,2.3,1.0,0.3,0.4,1.0,1.6,7.0,3500000,10.0,4.0,29,10,6
Marco Belinelli,SG,32.0,SAS,79.0,1.0,23.0,3.6,8.7,0.413,1.9,5.0,0.37200000000000005,1.7,3.7,0.46799999999999997,0.52,1.4,1.6,0.903,0.2,2.3,2.5,1.7,0.4,0.1,0.9,1.5,10.5,6153846,12.0,6.0,31,12,10
Jordan Bell,C,24.0,GSW,68.0,3.0,11.6,1.5,2.8,0.516,0.0,0.0,0.0,1.5,2.8,0.521,0.516,0.4,0.6,0.61,0.8,1.9,2.7,1.1,0.3,0.8,0.6,1.2,3.3,1378242,2.0,2.0,23,2,4
DeAndre' Bembry,SG,24.0,ATL,82.0,15.0,23.5,3.4,7.5,0.446,0.6,2.1,0.289,2.7,5.4,0.508,0.48700000000000004,1.1,1.7,0.64,0.7,3.7,4.4,2.5,1.3,0.5,1.7,2.3,8.4,1634640,3.0,2.0,23,2,8
Dragan Bender,PF,21.0,PHO,46.0,27.0,18.0,1.9,4.3,0.447,0.5,2.2,0.218,1.4,2.1,0.688,0.503,0.7,1.2,0.593,0.7,3.2,4.0,1.2,0.4,0.5,0.8,2.0,5.0,4661280,3.0,4.0,20,2,4
Patrick Beverley,PG,30.0,LAC,78.0,49.0,27.4,2.5,6.1,0.40700000000000003,1.4,3.6,0.397,1.1,2.5,0.42100000000000004,0.524,1.2,1.6,0.78,1.0,4.0,5.0,3.8,0.9,0.6,1.1,3.4,7.6,5027028,7.0,6.0,29,6,8
Bismack Biyombo,C,26.0,CHO,54.0,32.0,14.5,1.6,2.9,0.5710000000000001,0.0,0.0,0.0,1.6,2.9,0.5710000000000001,0.5710000000000001,1.1,1.7,0.637,1.5,3.1,4.6,0.6,0.2,0.8,0.6,1.9,4.4,17000000,8.0,16.0,25,8,4
Nemanja Bjelica,PF,30.0,SAC,77.0,70.0,23.2,3.7,7.7,0.479,1.3,3.3,0.401,2.4,4.4,0.539,0.5660000000000001,0.9,1.2,0.7609999999999999,1.6,4.1,5.8,1.9,0.7,0.7,1.1,2.6,9.6,6500000,4.0,6.0,29,4,10
Eric Bledsoe,PG,29.0,MIL,78.0,78.0,29.1,6.0,12.4,0.484,1.6,4.8,0.32899999999999996,4.4,7.6,0.5820000000000001,0.5479999999999999,2.3,3.0,0.75,1.1,3.6,4.6,5.5,1.5,0.4,2.1,2.0,15.9,15000000,9.0,14.0,29,8,16
Andrew Bogut,C,34.0,GSW,11.0,5.0,12.2,1.6,3.3,0.5,0.0,0.0,0.0,1.6,3.3,0.5,0.5,0.3,0.3,1.0,1.1,3.9,5.0,1.0,0.3,0.7,0.7,2.0,3.5,307648,13.0,0.5,33,12,4
Jonah Bolden,PF,23.0,PHI,44.0,10.0,14.5,1.8,3.7,0.494,0.8,2.2,0.354,1.0,1.5,0.6970000000000001,0.599,0.3,0.6,0.48100000000000004,1.1,2.7,3.8,0.9,0.4,0.9,0.8,2.3,4.7,1690000,1.0,2.0,23,2,4
Isaac Bonga,PG,19.0,LAL,22.0,0.0,5.5,0.2,1.5,0.152,0.0,0.4,0.0,0.2,1.1,0.2,0.152,0.4,0.7,0.6,0.4,0.7,1.1,0.7,0.4,0.2,0.3,0.4,0.9,1000000,1.0,0.5,20,2,0
Devin Booker,SG,22.0,PHO,64.0,64.0,35.0,9.2,19.6,0.467,2.1,6.5,0.326,7.0,13.1,0.536,0.521,6.1,7.1,0.866,0.6,3.5,4.1,6.8,0.9,0.2,4.1,3.1,26.6,3314365,4.0,4.0,20,4,26
Avery Bradley,SG,28.0,TOT,63.0,63.0,30.2,3.9,9.7,0.408,1.4,3.9,0.35100000000000003,2.6,5.8,0.446,0.479,0.7,0.8,0.86,0.7,2.1,2.8,2.4,0.7,0.3,1.4,2.7,9.9,12000000,9.0,12.0,27,8,10
Tony Bradley,C,21.0,UTA,3.0,0.0,12.0,2.7,5.3,0.5,0.0,0.0,0.0,2.7,5.3,0.5,0.5,0.3,0.7,0.5,3.0,2.0,5.0,0.3,0.7,0.7,1.0,2.0,5.7,1679520,2.0,2.0,20,2,6
Corey Brewer,SF,32.0,TOT,31.0,3.0,15.9,1.7,4.0,0.431,0.5,1.4,0.318,1.3,2.5,0.494,0.488,1.0,1.4,0.721,0.8,1.6,2.5,1.3,1.0,0.2,0.6,2.0,4.9,2000000,11.0,2.0,31,10,4
Mikal Bridges,SF,22.0,PHO,82.0,56.0,29.5,3.0,6.9,0.43,1.3,3.8,0.335,1.7,3.0,0.5479999999999999,0.523,1.2,1.4,0.805,0.7,2.5,3.2,2.1,1.6,0.5,0.9,2.5,8.3,3552960,1.0,4.0,20,2,8
Miles Bridges,SF,20.0,CHO,80.0,25.0,21.2,3.0,6.4,0.46399999999999997,0.8,2.5,0.325,2.2,3.9,0.5529999999999999,0.527,0.7,1.0,0.753,0.8,3.2,4.0,1.2,0.7,0.6,0.6,1.4,7.5,3206640,1.0,4.0,20,2,8
Malcolm Brogdon,SG,26.0,MIL,64.0,64.0,28.6,5.9,11.7,0.505,1.6,3.8,0.426,4.3,7.9,0.544,0.575,2.2,2.4,0.9279999999999999,1.0,3.5,4.5,3.2,0.7,0.2,1.4,1.6,15.6,1544951,3.0,2.0,25,2,16
Dillon Brooks,SF,23.0,MEM,18.0,0.0,18.3,2.7,6.8,0.402,0.8,2.2,0.375,1.9,4.6,0.415,0.46299999999999997,1.2,1.7,0.733,0.5,1.2,1.7,0.9,0.6,0.2,1.1,2.8,7.5,1378242,2.0,2.0,23,2,8
MarShon Brooks,SG,30.0,MEM,29.0,0.0,13.3,2.6,5.8,0.45,0.5,1.9,0.278,2.1,4.0,0.53,0.494,0.8,1.1,0.6970000000000001,0.4,1.1,1.6,0.9,0.3,0.1,0.7,1.1,6.6,1656092,4.0,2.0,29,4,6
Bruce Brown,SG,22.0,DET,74.0,56.0,19.6,1.7,4.2,0.39799999999999996,0.3,1.3,0.258,1.4,3.0,0.457,0.436,0.6,0.8,0.75,0.6,1.9,2.5,1.2,0.5,0.5,0.6,2.4,4.3,838464,1.0,0.5,20,2,4
Jaylen Brown,SG,22.0,BOS,74.0,25.0,25.9,5.0,10.7,0.465,1.3,3.7,0.344,3.7,7.0,0.529,0.525,1.8,2.7,0.6579999999999999,0.9,3.4,4.2,1.4,0.9,0.4,1.3,2.5,13.0,5169960,3.0,6.0,20,2,12
Sterling Brown,SG,23.0,MIL,58.0,7.0,17.8,2.5,5.4,0.465,0.9,2.5,0.361,1.6,2.8,0.5579999999999999,0.55,0.5,0.7,0.69,0.5,2.7,3.2,1.4,0.4,0.1,0.8,1.5,6.4,1378242,2.0,2.0,23,2,6
Jalen Brunson,PG,22.0,DAL,73.0,38.0,21.8,3.6,7.7,0.467,0.9,2.5,0.348,2.8,5.3,0.523,0.523,1.2,1.6,0.725,0.3,2.0,2.3,3.2,0.5,0.1,1.2,1.7,9.3,1230000,1.0,2.0,20,2,10
Thomas Bryant,C,21.0,WAS,72.0,53.0,20.8,4.3,7.0,0.616,0.5,1.4,0.33299999999999996,3.8,5.6,0.685,0.648,1.5,1.9,0.7809999999999999,1.6,4.7,6.3,1.3,0.3,0.9,0.8,1.8,10.5,1378242,2.0,2.0,20,2,10
Reggie Bullock,SG,27.0,TOT,63.0,60.0,29.8,3.9,9.4,0.41200000000000003,2.3,6.2,0.377,1.5,3.2,0.483,0.537,1.2,1.3,0.8590000000000001,0.3,2.4,2.7,2.0,0.6,0.2,1.0,1.7,11.3,2500000,6.0,2.0,27,6,12
Trey Burke,PG,26.0,TOT,58.0,8.0,19.4,4.1,9.4,0.431,1.0,2.7,0.35200000000000004,3.1,6.7,0.46299999999999997,0.48200000000000004,1.8,2.1,0.831,0.5,1.2,1.7,2.7,0.6,0.1,0.8,1.0,10.9,1795015,6.0,2.0,25,6,10
Alec Burks,SG,27.0,TOT,64.0,24.0,21.5,3.0,7.4,0.405,1.0,2.6,0.363,2.0,4.8,0.428,0.469,1.8,2.2,0.823,0.5,3.2,3.7,2.0,0.6,0.3,1.0,1.4,8.8,11536515,8.0,12.0,27,8,8
Jimmy Butler,SF,29.0,TOT,65.0,65.0,33.6,6.4,13.9,0.462,1.0,3.0,0.34700000000000003,5.4,10.9,0.494,0.499,4.8,5.6,0.855,1.9,3.4,5.3,4.0,1.9,0.6,1.5,1.7,18.7,20445779,8.0,20.0,29,8,18
Bruno Caboclo,SF,23.0,MEM,34.0,19.0,23.5,2.8,6.6,0.42700000000000005,1.4,3.8,0.369,1.4,2.8,0.505,0.5329999999999999,1.2,1.5,0.84,1.2,3.4,4.6,1.5,0.4,1.0,1.1,2.4,8.3,522151,5.0,0.5,23,4,8
Kentavious Caldwell-Pope,SG,25.0,LAL,82.0,23.0,24.8,4.0,9.2,0.43,1.8,5.3,0.34700000000000003,2.1,3.9,0.542,0.53,1.7,1.9,0.867,0.6,2.3,2.9,1.3,0.9,0.2,0.8,1.7,11.4,12000000,6.0,12.0,25,6,12
Isaiah Canaan,PG,27.0,TOT,30.0,16.0,21.0,2.1,5.5,0.39,1.1,3.2,0.354,1.0,2.3,0.441,0.494,0.6,0.8,0.792,0.2,1.7,1.9,2.8,0.5,0.1,1.2,1.7,6.0,1512601,5.0,2.0,27,4,6
Clint Capela,C,24.0,HOU,67.0,67.0,33.6,7.1,10.9,0.648,0.0,0.0,0.0,7.1,10.9,0.648,0.648,2.5,3.9,0.636,4.4,8.2,12.7,1.4,0.7,1.5,1.4,2.5,16.6,13793104,5.0,14.0,23,4,16
DeMarre Carroll,PF,32.0,BRK,67.0,8.0,25.4,3.4,8.6,0.395,1.6,4.6,0.342,1.8,4.0,0.457,0.48700000000000004,2.7,3.6,0.76,1.0,4.2,5.2,1.3,0.5,0.1,1.1,1.7,11.1,15400000,10.0,16.0,31,10,12
Jevon Carter,PG,23.0,MEM,39.0,3.0,14.8,1.4,4.7,0.303,0.9,2.6,0.33299999999999996,0.6,2.1,0.265,0.395,0.7,0.8,0.813,0.4,1.3,1.7,1.8,0.7,0.3,0.8,1.4,4.4,838464,1.0,0.5,23,2,4
Vince Carter,PF,42.0,ATL,76.0,9.0,17.5,2.6,6.2,0.419,1.6,4.2,0.389,1.0,2.0,0.48,0.55,0.6,0.9,0.7120000000000001,0.4,2.1,2.6,1.1,0.6,0.4,0.6,1.9,7.4,1512601,21.0,2.0,40,20,8
Michael Carter-Williams,PG,27.0,TOT,28.0,1.0,13.3,1.6,4.4,0.374,0.4,1.4,0.263,1.3,3.0,0.424,0.415,1.1,1.9,0.604,0.7,1.8,2.5,2.5,0.7,0.5,0.7,1.7,4.8,59820,6.0,0.5,27,6,4
Omri Casspi,SF,30.0,MEM,36.0,0.0,14.4,2.4,4.5,0.534,0.4,1.2,0.349,2.0,3.3,0.602,0.581,1.1,1.6,0.672,0.5,2.7,3.2,0.7,0.6,0.3,0.6,1.0,6.3,1512601,9.0,2.0,29,8,6
Willie Cauley-Stein,C,25.0,SAC,81.0,81.0,27.3,5.1,9.1,0.556,0.0,0.0,0.5,5.1,9.1,0.556,0.557,1.7,3.1,0.551,2.2,6.1,8.4,2.4,1.2,0.6,1.0,2.8,11.9,4696875,4.0,4.0,25,4,12
Tyson Chandler,C,36.0,TOT,55.0,6.0,15.9,1.1,1.8,0.616,0.0,0.0,0.0,1.1,1.8,0.622,0.616,0.9,1.6,0.586,1.7,3.9,5.6,0.7,0.4,0.4,0.8,2.0,3.1,1333140,18.0,2.0,35,18,4
Wilson Chandler,PF,31.0,TOT,51.0,33.0,23.1,2.2,5.4,0.418,1.2,3.1,0.373,1.1,2.3,0.478,0.526,0.4,0.5,0.72,0.9,3.3,4.2,1.6,0.5,0.4,0.9,2.4,6.0,12800562,11.0,12.0,31,10,6
Marquese Chriss,PF,21.0,TOT,43.0,2.0,11.6,1.6,4.2,0.37200000000000005,0.4,1.7,0.222,1.2,2.5,0.47200000000000003,0.41700000000000004,0.7,1.0,0.711,0.9,2.4,3.3,0.5,0.4,0.3,0.8,1.9,4.2,3206160,3.0,4.0,20,2,4
Jordan Clarkson,SG,26.0,CLE,81.0,0.0,27.3,6.5,14.6,0.44799999999999995,1.8,5.5,0.324,4.8,9.1,0.524,0.509,2.0,2.4,0.8440000000000001,1.0,2.3,3.3,2.4,0.7,0.2,1.7,1.4,16.8,12500000,5.0,12.0,25,4,16
John Collins,PF,21.0,ATL,61.0,59.0,30.0,7.6,13.6,0.56,0.9,2.6,0.348,6.7,11.0,0.609,0.593,3.3,4.4,0.763,3.6,6.2,9.8,2.0,0.4,0.6,2.0,3.3,19.5,2299080,2.0,2.0,20,2,20
Zach Collins,C,21.0,POR,77.0,0.0,17.6,2.5,5.2,0.473,0.5,1.6,0.331,1.9,3.6,0.534,0.523,1.2,1.6,0.746,1.4,2.8,4.2,0.9,0.3,0.9,1.0,2.3,6.6,3628920,2.0,4.0,20,2,6
Darren Collison,PG,31.0,IND,76.0,76.0,28.2,4.1,8.7,0.467,1.0,2.6,0.40700000000000003,3.0,6.1,0.49200000000000005,0.527,2.1,2.5,0.8320000000000001,0.5,2.6,3.1,6.0,1.4,0.1,1.6,1.8,11.2,10000000,9.0,10.0,31,8,12
Mike Conley,PG,31.0,MEM,70.0,70.0,33.5,7.0,16.0,0.43799999999999994,2.2,6.1,0.364,4.8,9.9,0.483,0.507,4.9,5.8,0.845,0.6,2.8,3.4,6.4,1.3,0.3,1.9,1.8,21.1,30521115,12.0,30.0,31,12,22
Pat Connaughton,SG,26.0,MIL,61.0,2.0,20.7,2.7,5.7,0.466,1.1,3.3,0.33,1.6,2.5,0.647,0.56,0.5,0.7,0.725,1.0,3.2,4.2,2.0,0.5,0.4,0.5,1.3,6.9,1641000,4.0,2.0,25,4,6
DeMarcus Cousins,C,28.0,GSW,30.0,30.0,25.7,5.9,12.4,0.48,0.9,3.2,0.27399999999999997,5.1,9.2,0.551,0.515,3.5,4.8,0.736,1.4,6.8,8.2,3.6,1.3,1.5,2.4,3.6,16.3,5337000,8.0,6.0,27,8,16
Allen Crabbe,SG,26.0,BRK,43.0,20.0,26.3,3.2,8.7,0.36700000000000005,2.3,6.0,0.37799999999999995,0.9,2.7,0.342,0.499,1.0,1.3,0.732,0.4,3.1,3.4,1.1,0.5,0.3,1.1,2.4,9.6,18500000,6.0,18.0,25,6,10
Jamal Crawford,SG,38.0,PHO,64.0,0.0,18.9,2.7,6.8,0.397,1.0,3.2,0.332,1.7,3.7,0.45299999999999996,0.474,1.5,1.7,0.845,0.1,1.2,1.3,3.6,0.5,0.2,1.5,1.2,7.9,1512601,18.0,2.0,37,18,8
Jae Crowder,SF,28.0,UTA,80.0,11.0,27.1,4.0,10.0,0.39899999999999997,2.2,6.5,0.331,1.8,3.4,0.527,0.508,1.8,2.5,0.721,0.8,4.1,4.8,1.7,0.8,0.4,1.1,2.1,11.9,7305825,7.0,8.0,27,6,12
Dante Cunningham,PF,31.0,SAS,64.0,21.0,14.5,1.2,2.5,0.475,0.5,1.0,0.462,0.7,1.5,0.484,0.57,0.2,0.3,0.778,0.8,2.2,2.9,0.8,0.4,0.2,0.3,1.1,3.0,2487000,9.0,2.0,31,8,2
Stephen Curry,PG,30.0,GSW,69.0,69.0,33.8,9.2,19.4,0.47200000000000003,5.1,11.7,0.43700000000000006,4.0,7.7,0.525,0.604,3.8,4.2,0.9159999999999999,0.7,4.7,5.3,5.2,1.3,0.4,2.8,2.4,27.3,37457154,10.0,38.0,29,10,28
Anthony Davis,C,25.0,NOP,56.0,56.0,33.0,9.5,18.3,0.517,0.9,2.6,0.331,8.6,15.7,0.547,0.54,6.1,7.7,0.794,3.1,8.9,12.0,3.9,1.6,2.4,2.0,2.4,25.9,25434263,7.0,26.0,25,6,26
Deyonta Davis,C,22.0,ATL,9.0,0.0,13.1,1.7,2.4,0.682,0.0,0.1,0.0,1.7,2.3,0.7140000000000001,0.682,0.7,1.1,0.6,1.1,2.9,4.0,0.6,0.3,0.6,0.3,1.3,4.0,25367,2.0,0.5,20,2,4
Ed Davis,C,29.0,BRK,81.0,1.0,17.9,2.3,3.7,0.616,0.0,0.0,0.0,2.3,3.7,0.62,0.616,1.2,2.0,0.617,2.7,5.9,8.6,0.8,0.4,0.4,0.8,2.8,5.8,4449000,9.0,4.0,29,8,6
Sam Dekker,PF,24.0,TOT,47.0,5.0,16.8,2.6,5.4,0.469,0.4,1.3,0.306,2.1,4.1,0.521,0.506,0.6,1.0,0.609,1.1,2.0,3.1,1.0,0.8,0.1,0.5,1.0,6.1,2760095,3.0,2.0,23,2,6
Luol Deng,SF,33.0,MIN,22.0,2.0,17.8,2.7,5.4,0.5,0.6,2.0,0.318,2.0,3.4,0.608,0.5589999999999999,1.1,1.6,0.7140000000000001,0.9,2.4,3.3,0.8,0.7,0.4,0.6,1.1,7.1,1512601,14.0,2.0,33,14,8
DeMar DeRozan,SG,29.0,SAS,77.0,77.0,34.9,8.2,17.1,0.48100000000000004,0.1,0.6,0.156,8.1,16.5,0.49200000000000005,0.483,4.8,5.7,0.83,0.7,5.3,6.0,6.2,1.1,0.5,2.6,2.3,21.2,27739975,10.0,28.0,29,10,22
Cheick Diallo,PF,22.0,NOP,64.0,1.0,14.0,2.6,4.2,0.62,0.0,0.1,0.25,2.6,4.2,0.625,0.622,0.8,1.0,0.746,1.2,4.0,5.2,0.5,0.5,0.5,0.8,1.8,6.0,1544951,3.0,2.0,20,2,6
Hamidou Diallo,SG,20.0,OKC,51.0,3.0,10.3,1.5,3.2,0.455,0.1,0.5,0.16699999999999998,1.4,2.8,0.504,0.467,0.7,1.2,0.61,0.7,1.2,1.9,0.3,0.4,0.2,0.5,1.5,3.7,838464,1.0,0.5,20,2,4
Gorgui Dieng,C,29.0,MIN,76.0,2.0,13.6,2.5,5.0,0.501,0.3,0.7,0.33899999999999997,2.2,4.2,0.53,0.527,1.2,1.4,0.83,1.1,3.0,4.1,0.9,0.6,0.5,0.8,1.8,6.4,15170787,6.0,16.0,29,6,6
Spencer Dinwiddie,PG,25.0,BRK,68.0,4.0,28.1,5.4,12.2,0.442,1.8,5.4,0.335,3.6,6.7,0.528,0.517,4.2,5.2,0.8059999999999999,0.4,2.1,2.4,4.6,0.6,0.3,2.2,2.8,16.8,1656092,5.0,2.0,25,4,16
Donte DiVincenzo,SG,22.0,MIL,27.0,0.0,15.2,1.9,4.6,0.40299999999999997,0.8,3.1,0.265,1.0,1.5,0.6829999999999999,0.49200000000000005,0.3,0.4,0.75,0.6,1.8,2.4,1.1,0.5,0.2,0.7,1.4,4.9,2481000,1.0,2.0,20,2,4
Tyler Dorsey,SG,22.0,TOT,48.0,11.0,14.5,2.2,5.5,0.405,0.9,2.8,0.33299999999999996,1.3,2.8,0.47700000000000004,0.489,0.8,1.3,0.623,0.6,1.8,2.4,1.2,0.3,0.0,0.6,1.1,6.2,1378242,1.0,2.0,20,2,6
Damyean Dotson,SG,24.0,NYK,73.0,40.0,27.5,4.0,9.6,0.415,1.7,4.7,0.368,2.2,4.9,0.461,0.506,1.0,1.3,0.745,0.5,3.1,3.6,1.8,0.8,0.1,1.0,1.8,10.7,1378242,2.0,2.0,23,2,10
Andre Drummond,C,25.0,DET,79.0,79.0,33.5,7.1,13.3,0.5329999999999999,0.1,0.5,0.132,7.0,12.8,0.5479999999999999,0.536,3.1,5.2,0.59,5.4,10.2,15.6,1.4,1.7,1.7,2.2,3.4,17.3,25434263,7.0,26.0,25,6,18
Jared Dudley,PF,33.0,BRK,59.0,25.0,20.7,1.7,4.1,0.423,0.9,2.6,0.35100000000000003,0.8,1.5,0.545,0.5329999999999999,0.5,0.8,0.696,0.6,2.1,2.6,1.4,0.6,0.3,0.7,2.2,4.9,9530000,12.0,10.0,33,12,4
Kris Dunn,PG,24.0,CHI,46.0,44.0,30.2,4.7,11.0,0.425,0.7,2.1,0.354,3.9,8.9,0.441,0.45799999999999996,1.2,1.5,0.797,0.4,3.7,4.1,6.0,1.5,0.5,2.3,3.6,11.3,4221000,3.0,4.0,23,2,12
Kevin Durant,SF,30.0,GSW,78.0,78.0,34.6,9.2,17.7,0.521,1.8,5.0,0.353,7.5,12.8,0.5870000000000001,0.5710000000000001,5.7,6.5,0.885,0.4,5.9,6.4,5.9,0.7,1.1,2.9,2.0,26.0,30000000,11.0,30.0,29,10,26
Henry Ellenson,PF,22.0,TOT,19.0,0.0,13.6,2.1,5.0,0.41100000000000003,0.9,2.0,0.447,1.2,3.0,0.386,0.5,1.0,1.3,0.76,0.3,3.2,3.5,0.8,0.4,0.1,0.5,1.4,6.0,341831,3.0,0.5,20,2,6
Wayne Ellington,SG,31.0,TOT,53.0,38.0,24.5,3.5,8.6,0.40299999999999997,2.6,7.0,0.371,0.9,1.6,0.541,0.5539999999999999,0.7,0.9,0.7959999999999999,0.3,1.8,2.0,1.4,1.0,0.1,0.8,1.7,10.3,2383076,10.0,2.0,31,10,10
Joel Embiid,C,24.0,PHI,64.0,64.0,33.7,9.1,18.7,0.484,1.2,4.1,0.3,7.8,14.6,0.535,0.517,8.2,10.1,0.804,2.5,11.1,13.6,3.7,0.7,1.9,3.5,3.3,27.5,25467250,3.0,26.0,23,2,28
Jacob Evans,SG,21.0,GSW,30.0,1.0,6.8,0.6,1.8,0.34,0.1,0.5,0.267,0.5,1.3,0.368,0.377,0.0,0.0,0.0,0.2,0.6,0.8,0.8,0.2,0.1,0.4,0.9,1.3,1644240,1.0,2.0,20,2,2
Jawun Evans,PG,22.0,TOT,8.0,0.0,8.1,0.4,1.8,0.214,0.0,0.4,0.0,0.4,1.4,0.273,0.214,0.0,0.0,0.0,0.1,1.4,1.5,1.3,0.4,0.0,0.8,1.0,0.8,1378242,1.0,2.0,20,2,0
Tyreke Evans,SG,29.0,IND,69.0,18.0,20.3,3.7,9.6,0.389,1.1,3.1,0.35600000000000004,2.6,6.4,0.405,0.44799999999999995,1.7,2.3,0.7190000000000001,0.5,2.4,2.9,2.4,0.8,0.3,1.7,1.7,10.2,12400000,9.0,12.0,29,8,10
Dante Exum,PG,23.0,UTA,42.0,1.0,15.8,2.4,5.7,0.419,0.4,1.5,0.29,2.0,4.3,0.46399999999999997,0.456,1.6,2.0,0.7909999999999999,0.4,1.2,1.6,2.6,0.3,0.1,1.2,1.6,6.9,9600000,4.0,10.0,23,4,6
Kenneth Faried,C,29.0,TOT,37.0,13.0,19.7,4.2,7.2,0.589,0.2,0.7,0.32,4.0,6.5,0.617,0.604,1.7,2.7,0.6459999999999999,2.6,4.1,6.8,0.5,0.5,0.6,0.9,2.2,10.4,683661,7.0,0.5,29,6,10
Derrick Favors,C,27.0,UTA,76.0,70.0,23.2,4.8,8.1,0.586,0.2,1.0,0.218,4.6,7.1,0.64,0.6,2.0,3.0,0.675,2.7,4.6,7.4,1.2,0.7,1.4,1.1,2.1,11.8,16900000,9.0,16.0,27,8,12
Raymond Felton,PG,34.0,OKC,33.0,0.0,11.5,1.7,4.1,0.40700000000000003,0.6,1.8,0.32799999999999996,1.1,2.2,0.473,0.48100000000000004,0.4,0.4,0.9229999999999999,0.1,0.9,1.0,1.6,0.3,0.2,0.4,0.9,4.3,1512601,13.0,2.0,33,12,4
Terrance Ferguson,SG,20.0,OKC,74.0,74.0,26.1,2.5,5.8,0.429,1.4,3.9,0.366,1.1,1.9,0.56,0.552,0.5,0.7,0.725,0.4,1.5,1.9,1.0,0.5,0.2,0.6,3.1,6.9,2118840,2.0,2.0,20,2,6
Evan Fournier,SG,26.0,ORL,81.0,81.0,31.5,5.8,13.2,0.43799999999999994,1.9,5.6,0.34,3.9,7.6,0.509,0.509,1.7,2.1,0.8059999999999999,0.5,2.7,3.2,3.6,0.9,0.1,1.9,2.8,15.1,17150000,7.0,18.0,25,6,16
De'Aaron Fox,PG,21.0,SAC,81.0,81.0,31.4,6.2,13.6,0.45799999999999996,1.1,2.9,0.371,5.2,10.7,0.48200000000000004,0.49700000000000005,3.7,5.1,0.727,0.5,3.2,3.8,7.3,1.6,0.6,2.8,2.5,17.3,5470920,2.0,6.0,20,2,18
Jimmer Fredette,SG,29.0,PHO,6.0,0.0,10.8,1.3,4.8,0.276,0.0,2.2,0.0,1.3,2.7,0.5,0.276,1.0,1.0,1.0,0.2,1.0,1.2,1.3,0.5,0.0,0.8,0.8,3.7,208509,5.0,0.5,29,4,4
Channing Frye,C,35.0,CLE,36.0,6.0,9.5,1.2,3.3,0.368,0.9,2.2,0.405,0.3,1.1,0.289,0.504,0.3,0.4,0.7859999999999999,0.1,1.3,1.4,0.6,0.2,0.1,0.4,1.2,3.6,1512601,12.0,2.0,35,12,4
Markelle Fultz,SG,20.0,PHI,19.0,15.0,22.5,3.4,8.2,0.419,0.2,0.7,0.28600000000000003,3.2,7.4,0.433,0.43200000000000005,1.1,1.9,0.568,1.4,2.3,3.7,3.1,0.9,0.3,1.3,2.7,8.2,8339880,2.0,8.0,20,2,8
Danilo Gallinari,SF,30.0,LAC,68.0,68.0,30.3,6.0,13.0,0.46299999999999997,2.4,5.5,0.433,3.6,7.5,0.484,0.5539999999999999,5.4,6.0,0.904,0.8,5.3,6.1,2.6,0.7,0.3,1.5,1.9,19.8,21587579,10.0,22.0,29,10,20
Marc Gasol,C,34.0,TOT,79.0,72.0,30.8,4.9,11.0,0.44799999999999995,1.3,3.5,0.363,3.7,7.6,0.48700000000000004,0.505,2.4,3.2,0.759,1.0,6.9,7.9,4.4,1.1,1.1,2.0,2.7,13.6,24119025,11.0,24.0,33,10,14
Pau Gasol,C,38.0,TOT,30.0,6.0,12.0,1.4,3.1,0.447,0.2,0.4,0.462,1.2,2.7,0.444,0.479,0.9,1.3,0.7,0.7,3.8,4.6,1.7,0.2,0.5,0.5,1.0,3.9,333285,17.0,0.5,37,16,4
Rudy Gay,PF,32.0,SAS,69.0,51.0,26.7,5.4,10.8,0.504,1.1,2.7,0.402,4.4,8.1,0.537,0.5539999999999999,1.7,2.1,0.816,0.9,5.9,6.8,2.6,0.8,0.5,1.7,2.3,13.7,10087200,13.0,10.0,31,12,14
Paul George,SF,28.0,OKC,77.0,77.0,36.9,9.2,21.0,0.43799999999999994,3.8,9.8,0.386,5.4,11.1,0.484,0.529,5.9,7.0,0.8390000000000001,1.4,6.8,8.2,4.1,2.2,0.4,2.7,2.8,28.0,30560700,9.0,30.0,27,8,28
Taj Gibson,PF,33.0,MIN,70.0,57.0,24.1,4.3,7.7,0.5660000000000001,0.2,0.5,0.324,4.2,7.2,0.583,0.5760000000000001,1.9,2.5,0.757,2.5,4.1,6.5,1.2,0.8,0.6,1.0,2.7,10.8,14000000,10.0,14.0,33,10,10
Shai Gilgeous-Alexander,PG,20.0,LAC,82.0,73.0,26.5,4.2,8.7,0.47600000000000003,0.6,1.7,0.36700000000000005,3.5,7.0,0.503,0.512,1.9,2.4,0.8,0.7,2.1,2.8,3.3,1.2,0.5,1.7,2.1,10.8,3375360,1.0,4.0,20,2,10
Rudy Gobert,C,26.0,UTA,81.0,80.0,31.8,5.9,8.8,0.669,0.0,0.0,0.0,5.9,8.8,0.669,0.669,4.1,6.4,0.636,3.8,9.0,12.9,2.0,0.8,2.3,1.6,2.9,15.9,23241573,6.0,24.0,25,6,16
Aaron Gordon,PF,23.0,ORL,78.0,78.0,33.8,6.0,13.4,0.449,1.6,4.4,0.349,4.5,9.0,0.499,0.507,2.4,3.2,0.731,1.7,5.7,7.4,3.7,0.7,0.7,2.1,2.2,16.0,21590909,5.0,22.0,23,4,16
Eric Gordon,SG,30.0,HOU,68.0,53.0,31.7,5.6,13.8,0.409,3.2,8.8,0.36,2.5,5.0,0.49700000000000005,0.525,1.8,2.2,0.7829999999999999,0.3,1.9,2.2,1.9,0.6,0.4,1.3,2.1,16.2,13500375,11.0,14.0,29,10,16
Marcin Gortat,C,34.0,LAC,47.0,43.0,16.0,2.1,4.0,0.532,0.0,0.0,0.0,2.1,4.0,0.532,0.532,0.7,1.0,0.7290000000000001,1.4,4.1,5.6,1.4,0.1,0.5,1.1,2.0,5.0,13565218,11.0,14.0,33,10,4
Devonte' Graham,PG,23.0,CHO,46.0,3.0,14.7,1.6,4.7,0.34299999999999997,0.7,2.6,0.281,0.9,2.1,0.42100000000000004,0.42100000000000004,0.8,1.0,0.7609999999999999,0.2,1.2,1.4,2.6,0.5,0.0,0.7,1.0,4.7,988464,1.0,0.5,23,2,4
Jerami Grant,PF,24.0,OKC,80.0,77.0,32.7,5.1,10.3,0.49700000000000005,1.4,3.7,0.392,3.7,6.6,0.555,0.5670000000000001,2.0,2.8,0.71,1.2,4.0,5.2,1.0,0.8,1.3,0.8,2.7,13.6,8653847,5.0,8.0,23,4,14
Jerian Grant,PG,26.0,ORL,60.0,1.0,15.7,1.5,3.7,0.418,0.7,1.8,0.364,0.9,1.8,0.473,0.509,0.4,0.7,0.65,0.3,1.3,1.6,2.6,0.7,0.1,0.9,1.3,4.2,2639314,3.0,2.0,25,2,4
Danny Green,SG,31.0,TOR,80.0,80.0,27.7,3.7,7.9,0.465,2.5,5.4,0.455,1.2,2.4,0.48700000000000004,0.622,0.5,0.6,0.841,0.8,3.2,4.0,1.6,0.9,0.7,0.9,2.1,10.3,10000000,10.0,10.0,31,10,10
Draymond Green,PF,28.0,GSW,66.0,66.0,31.3,2.8,6.4,0.445,0.7,2.5,0.285,2.1,3.9,0.5489999999999999,0.501,1.0,1.4,0.6920000000000001,0.9,6.4,7.3,6.9,1.4,1.1,2.6,3.0,7.4,17469565,7.0,18.0,27,6,8
Gerald Green,SG,33.0,HOU,73.0,0.0,20.2,3.2,7.9,0.4,2.1,6.0,0.354,1.0,1.9,0.547,0.535,0.8,0.9,0.838,0.4,2.1,2.5,0.5,0.5,0.4,0.8,1.7,9.2,1512601,11.0,2.0,33,10,10
Jeff Green,PF,32.0,WAS,77.0,44.0,27.2,4.2,8.9,0.475,1.4,4.2,0.34700000000000003,2.8,4.8,0.586,0.555,2.4,2.7,0.888,0.7,3.3,4.0,1.8,0.6,0.5,1.3,2.1,12.3,1512601,11.0,2.0,31,10,12
Blake Griffin,PF,29.0,DET,75.0,75.0,35.0,8.3,17.9,0.462,2.5,7.0,0.36200000000000004,5.7,10.9,0.525,0.532,5.5,7.3,0.753,1.3,6.2,7.5,5.4,0.7,0.4,3.4,2.7,24.5,32088932,9.0,32.0,29,8,24
Daniel Hamilton,SG,23.0,ATL,19.0,3.0,10.7,1.2,3.2,0.38299999999999995,0.4,1.2,0.348,0.8,1.9,0.405,0.45,0.2,0.3,0.5,0.5,1.9,2.5,1.2,0.3,0.1,0.8,1.0,3.0,1349383,1.0,2.0,23,2,2
James Harden,PG,29.0,HOU,78.0,78.0,36.8,10.8,24.5,0.442,4.8,13.2,0.368,6.0,11.3,0.528,0.541,9.7,11.0,0.879,0.8,5.8,6.6,7.5,2.0,0.7,5.0,3.1,36.1,30421854,10.0,30.0,29,10,32
Maurice Harkless,SF,25.0,POR,60.0,53.0,23.6,3.2,6.5,0.48700000000000004,0.6,2.0,0.275,2.6,4.5,0.5820000000000001,0.53,0.8,1.2,0.6709999999999999,1.3,3.2,4.5,1.2,1.1,0.9,0.8,2.7,7.7,10837079,7.0,10.0,25,6,8
Montrezl Harrell,C,25.0,LAC,82.0,5.0,26.3,6.7,10.8,0.615,0.0,0.2,0.17600000000000002,6.6,10.6,0.623,0.617,3.2,5.0,0.643,2.2,4.3,6.5,2.0,0.9,1.3,1.6,3.1,16.6,6000000,4.0,6.0,25,4,16
Devin Harris,PG,35.0,DAL,68.0,2.0,15.8,1.9,5.1,0.38,0.9,2.9,0.31,1.0,2.2,0.47600000000000003,0.47,1.5,2.0,0.7609999999999999,0.2,1.5,1.6,1.8,0.5,0.2,0.8,2.0,6.3,1512601,14.0,2.0,35,14,6
Gary Harris,SG,24.0,DEN,57.0,48.0,28.8,4.7,11.2,0.424,1.4,4.2,0.33899999999999997,3.3,6.9,0.47600000000000003,0.488,2.0,2.5,0.799,0.7,2.1,2.8,2.2,1.0,0.3,1.2,2.0,12.9,16517857,5.0,16.0,23,4,12
Joe Harris,SG,27.0,BRK,76.0,76.0,30.2,4.9,9.8,0.5,2.4,5.1,0.474,2.5,4.8,0.528,0.622,1.4,1.8,0.8270000000000001,0.7,3.1,3.8,2.4,0.5,0.2,1.6,2.4,13.7,8333333,5.0,8.0,27,4,14
Tobias Harris,PF,26.0,TOT,82.0,82.0,34.7,7.5,15.3,0.48700000000000004,1.9,4.8,0.397,5.5,10.5,0.528,0.5489999999999999,3.2,3.7,0.866,0.8,7.0,7.9,2.8,0.6,0.5,1.8,2.2,20.0,14800000,8.0,14.0,25,8,20
Andrew Harrison,PG,24.0,TOT,17.0,0.0,11.0,0.9,3.1,0.302,0.3,1.5,0.2,0.6,1.6,0.39299999999999996,0.349,1.0,1.1,0.9440000000000001,0.4,0.8,1.2,1.4,0.2,0.1,0.7,2.0,3.2,1544951,2.0,2.0,23,2,4
Josh Hart,SG,23.0,LAL,67.0,22.0,25.6,2.8,6.9,0.40700000000000003,1.4,4.1,0.336,1.4,2.8,0.511,0.506,0.8,1.2,0.688,0.5,3.2,3.7,1.4,1.0,0.6,0.9,2.2,7.8,1655160,2.0,2.0,23,2,8
Isaiah Hartenstein,PF,20.0,HOU,28.0,0.0,7.9,0.7,1.5,0.488,0.1,0.2,0.33299999999999996,0.6,1.3,0.514,0.512,0.4,0.5,0.7859999999999999,0.8,0.9,1.7,0.5,0.3,0.4,0.5,2.0,1.9,838464,1.0,0.5,20,2,2
Gordon Hayward,PF,28.0,BOS,72.0,18.0,25.9,4.1,8.8,0.466,1.1,3.2,0.33299999999999996,3.0,5.6,0.542,0.527,2.2,2.6,0.8340000000000001,0.7,3.8,4.5,3.4,0.9,0.3,1.5,1.4,11.5,31214295,9.0,32.0,27,8,12
John Henson,C,28.0,MIL,14.0,0.0,13.4,2.2,4.8,0.46299999999999997,0.8,2.2,0.355,1.4,2.6,0.556,0.545,0.4,0.7,0.6,1.1,3.9,5.1,1.0,0.5,0.8,0.9,1.1,5.6,11327466,7.0,12.0,27,6,6
Mario Hezonja,SF,23.0,NYK,58.0,24.0,20.8,3.3,8.0,0.41200000000000003,0.7,2.6,0.276,2.6,5.4,0.478,0.457,1.5,2.0,0.763,0.5,3.6,4.1,1.5,1.0,0.1,1.5,1.9,8.8,6500000,4.0,6.0,23,4,8
Buddy Hield,SG,26.0,SAC,82.0,82.0,31.9,7.6,16.6,0.45799999999999996,3.4,7.9,0.42700000000000005,4.2,8.6,0.48700000000000004,0.56,2.1,2.4,0.8859999999999999,1.3,3.7,5.0,2.5,0.7,0.4,1.8,2.5,20.7,3844760,3.0,4.0,25,2,20
George Hill,PG,32.0,TOT,60.0,13.0,21.7,2.8,6.3,0.452,0.8,2.6,0.314,2.0,3.7,0.547,0.516,1.2,1.4,0.8240000000000001,0.7,1.8,2.5,2.3,0.9,0.1,0.9,1.7,7.6,19000000,11.0,18.0,31,10,8
Solomon Hill,SF,27.0,NOP,44.0,15.0,20.0,1.5,4.0,0.382,0.7,2.3,0.317,0.8,1.8,0.46799999999999997,0.47200000000000003,0.5,0.7,0.7190000000000001,0.8,2.3,3.0,1.3,0.5,0.2,0.7,1.8,4.3,12252928,6.0,12.0,27,6,4
Aaron Holiday,PG,22.0,IND,50.0,0.0,12.9,2.1,5.2,0.401,0.9,2.5,0.33899999999999997,1.2,2.7,0.45899999999999996,0.483,0.8,1.0,0.82,0.1,1.2,1.3,1.7,0.4,0.3,0.8,1.4,5.9,1911960,1.0,2.0,20,2,6
Jrue Holiday,SG,28.0,NOP,67.0,67.0,35.9,8.2,17.3,0.47200000000000003,1.8,5.4,0.325,6.4,11.9,0.539,0.523,3.1,4.0,0.768,1.1,3.9,5.0,7.7,1.6,0.8,3.1,2.2,21.2,25976111,10.0,26.0,27,10,22
Rondae Hollis-Jefferson,SF,24.0,BRK,59.0,21.0,20.9,3.4,8.3,0.41100000000000003,0.2,0.8,0.184,3.2,7.4,0.436,0.42,2.0,3.1,0.645,1.4,3.8,5.3,1.6,0.7,0.5,1.2,1.8,8.9,2470357,4.0,2.0,23,4,8
Richaun Holmes,C,25.0,PHO,70.0,4.0,16.9,3.2,5.2,0.608,0.0,0.0,0.0,3.2,5.2,0.608,0.608,1.8,2.5,0.731,1.6,3.1,4.7,0.9,0.6,1.1,0.7,2.8,8.2,1600520,4.0,2.0,25,4,8
Rodney Hood,SG,26.0,TOT,72.0,49.0,26.3,4.1,9.3,0.435,1.2,3.3,0.35600000000000004,2.9,6.0,0.478,0.498,1.9,2.2,0.884,0.3,1.8,2.2,1.8,0.8,0.2,0.8,2.0,11.2,3472887,5.0,4.0,25,4,12
Al Horford,C,32.0,BOS,68.0,68.0,29.0,5.7,10.6,0.535,1.1,3.0,0.36,4.6,7.6,0.604,0.586,1.1,1.4,0.821,1.8,5.0,6.7,4.2,0.9,1.3,1.5,1.9,13.6,28928709,12.0,28.0,31,12,14
Dwight Howard,C,33.0,WAS,9.0,9.0,25.6,4.8,7.7,0.623,0.0,0.0,0.0,4.8,7.7,0.623,0.623,3.2,5.3,0.604,2.7,6.6,9.2,0.4,0.8,0.4,1.8,3.8,12.8,5337000,15.0,6.0,33,14,12
Kevin Huerter,SG,20.0,ATL,75.0,59.0,27.3,3.7,8.8,0.419,1.8,4.7,0.385,1.9,4.1,0.457,0.522,0.5,0.7,0.732,0.8,2.5,3.3,2.9,0.9,0.3,1.5,2.1,9.7,2250960,1.0,2.0,20,2,10
Chandler Hutchison,SF,22.0,CHI,44.0,14.0,20.3,2.2,4.8,0.45899999999999996,0.3,1.1,0.28,1.9,3.6,0.516,0.493,0.5,0.9,0.605,0.7,3.5,4.2,0.8,0.5,0.1,0.6,1.3,5.2,1990520,1.0,2.0,20,2,6
Serge Ibaka,C,29.0,TOR,74.0,51.0,27.2,6.3,11.9,0.529,0.7,2.3,0.29,5.6,9.6,0.586,0.557,1.8,2.4,0.763,2.1,6.0,8.1,1.3,0.4,1.4,1.5,2.9,15.0,21666667,10.0,22.0,29,10,14
Andre Iguodala,SF,35.0,GSW,68.0,13.0,23.2,2.2,4.4,0.5,0.7,2.1,0.33299999999999996,1.5,2.3,0.652,0.579,0.6,1.0,0.5820000000000001,0.7,3.0,3.7,3.2,0.9,0.8,0.8,1.4,5.7,16000000,15.0,16.0,35,14,6
Brandon Ingram,SF,21.0,LAL,52.0,52.0,33.8,7.0,14.0,0.49700000000000005,0.6,1.8,0.33,6.4,12.2,0.521,0.518,3.8,5.6,0.675,0.8,4.3,5.1,3.0,0.5,0.6,2.5,2.9,18.3,5757120,3.0,6.0,20,2,18
Kyrie Irving,PG,26.0,BOS,67.0,67.0,33.0,9.0,18.5,0.48700000000000004,2.6,6.5,0.401,6.4,12.0,0.5329999999999999,0.557,3.2,3.7,0.873,1.1,3.9,5.0,6.9,1.5,0.5,2.6,2.5,23.8,20099189,8.0,20.0,25,8,24
Jonathan Isaac,PF,21.0,ORL,75.0,64.0,26.6,3.5,8.1,0.429,1.1,3.5,0.32299999999999995,2.3,4.6,0.51,0.499,1.5,1.8,0.815,1.3,4.2,5.5,1.1,0.8,1.3,1.0,1.9,9.6,4969080,2.0,4.0,20,2,10
Frank Jackson,PG,20.0,NOP,61.0,16.0,19.2,3.2,7.3,0.434,0.9,2.8,0.314,2.3,4.6,0.507,0.493,0.9,1.2,0.74,0.4,1.8,2.2,1.1,0.4,0.0,0.8,1.5,8.1,1378242,1.0,2.0,20,2,8
Josh Jackson,SG,21.0,PHO,79.0,29.0,25.2,4.4,10.6,0.413,0.9,2.8,0.324,3.5,7.8,0.445,0.456,1.8,2.7,0.6709999999999999,0.8,3.6,4.4,2.3,0.9,0.7,2.2,2.6,11.5,6041520,2.0,6.0,20,2,12
Justin Jackson,SF,23.0,TOT,81.0,14.0,19.9,2.7,6.0,0.447,1.1,3.0,0.355,1.6,3.0,0.542,0.537,0.8,1.0,0.785,0.5,2.1,2.6,1.2,0.4,0.2,0.4,1.2,7.2,2807880,-1.0,2.0,23,0,8
Reggie Jackson,PG,28.0,DET,82.0,82.0,27.9,5.4,12.8,0.42100000000000004,2.1,5.7,0.369,3.3,7.0,0.46399999999999997,0.504,2.5,2.9,0.8640000000000001,0.5,2.1,2.6,4.2,0.7,0.1,1.8,2.5,15.4,17043478,8.0,18.0,27,8,16
LeBron James,SF,34.0,LAL,55.0,55.0,35.2,10.1,19.9,0.51,2.0,5.9,0.33899999999999997,8.1,14.0,0.5820000000000001,0.56,5.1,7.6,0.665,1.0,7.4,8.5,8.3,1.3,0.6,3.6,1.7,27.4,35654150,16.0,36.0,33,16,28
John Jenkins,SG,27.0,TOT,26.0,0.0,12.8,1.6,4.0,0.4,0.8,2.2,0.379,0.8,1.8,0.426,0.505,0.6,0.7,0.833,0.2,1.2,1.4,0.8,0.0,0.1,0.3,0.4,4.7,486520,5.0,0.5,27,4,4
Jonas Jerebko,PF,31.0,GSW,73.0,6.0,16.7,2.2,4.9,0.45899999999999996,0.9,2.6,0.36700000000000005,1.3,2.3,0.563,0.556,0.9,1.1,0.8,1.0,3.0,3.9,1.3,0.4,0.2,0.6,1.9,6.3,1512601,8.0,2.0,31,8,6
Alize Johnson,PF,22.0,IND,14.0,0.0,4.6,0.3,1.1,0.25,0.1,0.1,0.5,0.2,1.0,0.214,0.281,0.3,0.6,0.5,0.3,1.1,1.4,0.1,0.1,0.2,0.0,0.5,0.9,838464,1.0,0.5,20,2,0
Amir Johnson,C,31.0,PHI,51.0,6.0,10.4,1.5,3.1,0.503,0.2,0.8,0.3,1.3,2.3,0.573,0.541,0.6,0.8,0.7559999999999999,0.9,2.0,2.9,1.2,0.3,0.3,0.9,1.9,3.9,1512601,13.0,2.0,31,12,4
James Johnson,PF,31.0,MIA,55.0,33.0,21.2,3.0,6.9,0.433,0.9,2.7,0.336,2.1,4.2,0.496,0.499,0.9,1.3,0.7140000000000001,0.4,2.8,3.2,2.5,0.6,0.5,1.3,2.1,7.8,14651700,10.0,14.0,31,10,8
Stanley Johnson,SF,22.0,TOT,66.0,7.0,18.3,2.6,6.7,0.389,0.9,3.3,0.28800000000000003,1.7,3.4,0.484,0.45899999999999996,0.8,1.0,0.7809999999999999,0.5,2.8,3.3,1.3,0.9,0.2,1.2,1.7,6.9,3940402,4.0,4.0,20,4,6
Wesley Johnson,SF,31.0,TOT,38.0,13.0,14.1,1.2,3.4,0.35200000000000004,0.7,2.0,0.32899999999999996,0.5,1.4,0.385,0.449,0.3,0.5,0.684,0.3,1.6,1.9,0.6,0.4,0.3,0.5,1.7,3.4,6134520,8.0,6.0,31,8,4
Damian Jones,C,23.0,GSW,24.0,22.0,17.1,2.2,3.1,0.716,0.0,0.0,0.0,2.2,3.1,0.716,0.716,1.0,1.5,0.649,1.3,1.8,3.1,1.2,0.5,1.0,0.7,2.6,5.4,1544951,3.0,2.0,23,2,6
Tyus Jones,PG,22.0,MIN,68.0,23.0,22.9,2.7,6.6,0.415,0.6,1.9,0.317,2.1,4.7,0.45299999999999996,0.46,0.9,1.0,0.841,0.3,1.6,2.0,4.8,1.2,0.1,0.7,1.1,6.9,2444053,4.0,2.0,20,4,6
DeAndre Jordan,C,30.0,TOT,69.0,69.0,29.7,4.1,6.5,0.6409999999999999,0.0,0.0,0.0,4.1,6.5,0.6409999999999999,0.6409999999999999,2.7,3.8,0.705,3.3,9.8,13.1,2.3,0.6,1.1,2.2,2.4,11.0,22897200,11.0,22.0,29,10,10
Cory Joseph,PG,27.0,IND,82.0,9.0,25.2,2.8,6.7,0.41200000000000003,0.7,2.1,0.322,2.1,4.6,0.45399999999999996,0.46299999999999997,0.4,0.5,0.698,0.5,2.9,3.4,3.9,1.1,0.3,1.0,1.6,6.5,7945000,8.0,8.0,27,8,6
Frank Kaminsky,C,25.0,CHO,47.0,0.0,16.1,2.9,6.3,0.46299999999999997,1.1,3.0,0.36,1.9,3.4,0.5529999999999999,0.547,1.7,2.3,0.738,0.8,2.6,3.5,1.3,0.3,0.3,0.9,1.4,8.6,3627842,4.0,4.0,25,4,8
Enes Kanter,C,26.0,TOT,67.0,31.0,24.5,5.6,10.2,0.5489999999999999,0.1,0.5,0.294,5.4,9.7,0.562,0.556,2.3,2.9,0.787,3.8,6.0,9.8,1.7,0.5,0.4,1.8,2.5,13.7,487109,8.0,0.5,25,8,14
Luke Kennard,SG,22.0,DET,63.0,10.0,22.8,3.6,8.3,0.43799999999999994,1.7,4.3,0.39399999999999996,1.9,4.0,0.486,0.54,0.8,1.0,0.836,0.2,2.7,2.9,1.8,0.4,0.2,0.9,1.5,9.7,3275280,2.0,4.0,20,2,10
Michael Kidd-Gilchrist,PF,25.0,CHO,64.0,3.0,18.4,2.5,5.2,0.47600000000000003,0.3,0.7,0.34,2.2,4.5,0.498,0.5,1.5,1.9,0.772,1.4,2.5,3.8,1.0,0.5,0.6,0.7,2.4,6.7,13000000,7.0,12.0,25,6,6
Brandon Knight,PG,27.0,TOT,39.0,26.0,18.9,2.5,6.7,0.381,1.1,3.3,0.318,1.5,3.4,0.44299999999999995,0.46,0.7,0.9,0.794,0.3,1.3,1.5,1.8,0.5,0.1,0.8,1.6,6.8,14631250,7.0,14.0,27,6,6
Furkan Korkmaz,SG,21.0,PHI,48.0,7.0,14.1,2.0,5.1,0.4,1.0,3.0,0.326,1.1,2.1,0.505,0.496,0.8,0.9,0.818,0.3,1.9,2.2,1.1,0.6,0.0,0.5,1.3,5.8,1740000,2.0,2.0,20,2,6
Kyle Korver,SG,37.0,TOT,70.0,0.0,19.1,2.9,6.9,0.41600000000000004,2.0,5.0,0.397,0.9,1.9,0.467,0.5589999999999999,0.9,1.0,0.8220000000000001,0.1,2.2,2.3,1.2,0.4,0.2,0.8,1.5,8.6,7560000,16.0,8.0,37,16,8
Kosta Koufos,C,29.0,SAC,42.0,1.0,12.0,1.7,3.6,0.47700000000000004,0.0,0.0,0.0,1.7,3.6,0.47700000000000004,0.47700000000000004,0.2,0.6,0.41700000000000004,1.2,3.0,4.2,0.9,0.4,0.4,0.6,1.6,3.7,8739500,10.0,8.0,29,10,4
Rodions Kurucs,SF,20.0,BRK,63.0,46.0,20.5,3.2,7.1,0.45,0.9,2.9,0.315,2.3,4.2,0.5429999999999999,0.514,1.1,1.5,0.7829999999999999,0.9,3.0,3.9,0.8,0.7,0.4,1.2,2.3,8.5,1618320,1.0,2.0,20,2,8
Kyle Kuzma,PF,23.0,LAL,70.0,68.0,33.1,7.1,15.5,0.456,1.8,6.0,0.303,5.3,9.5,0.5529999999999999,0.515,2.7,3.6,0.752,0.9,4.6,5.5,2.5,0.6,0.4,1.9,2.4,18.7,1689840,2.0,2.0,23,2,18
Jeremy Lamb,SG,26.0,CHO,79.0,55.0,28.5,5.5,12.4,0.44,1.5,4.2,0.348,4.0,8.2,0.48700000000000004,0.499,2.9,3.3,0.888,0.8,4.7,5.5,2.2,1.1,0.4,1.0,1.8,15.3,7488372,7.0,8.0,25,6,16
Zach LaVine,SG,23.0,CHI,63.0,62.0,34.5,8.4,18.0,0.467,1.9,5.1,0.374,6.5,12.9,0.504,0.52,5.0,6.0,0.8320000000000001,0.6,4.0,4.7,4.5,1.0,0.4,3.4,2.2,23.7,19500000,5.0,20.0,23,4,24
Jake Layman,SF,24.0,POR,71.0,33.0,18.7,3.0,6.0,0.509,0.8,2.5,0.326,2.2,3.4,0.6459999999999999,0.579,0.7,1.0,0.7040000000000001,0.8,2.3,3.1,0.7,0.4,0.4,0.6,1.6,7.6,1544951,3.0,2.0,23,2,8
T.J. Leaf,PF,21.0,IND,58.0,1.0,9.0,1.7,3.2,0.541,0.1,0.5,0.258,1.6,2.6,0.599,0.563,0.3,0.5,0.613,0.7,1.4,2.2,0.4,0.2,0.3,0.2,0.6,3.9,2407560,2.0,2.0,20,2,4
Courtney Lee,SG,33.0,TOT,34.0,6.0,12.6,1.6,3.8,0.41100000000000003,0.5,1.6,0.29100000000000004,1.1,2.2,0.5,0.473,0.4,0.6,0.667,0.3,1.3,1.6,1.1,0.6,0.1,0.4,0.9,4.0,12253780,11.0,12.0,33,10,4
Alex Len,C,25.0,ATL,77.0,31.0,20.1,4.2,8.4,0.494,1.0,2.6,0.363,3.2,5.8,0.5539999999999999,0.551,1.8,2.8,0.648,2.1,3.5,5.5,1.1,0.4,0.9,1.3,2.6,11.1,4350000,6.0,4.0,25,6,12
Kawhi Leonard,SF,27.0,TOR,60.0,60.0,34.0,9.3,18.8,0.496,1.9,5.0,0.371,7.5,13.8,0.542,0.546,6.1,7.1,0.8540000000000001,1.3,6.0,7.3,3.3,1.8,0.4,2.0,1.5,26.6,23114067,8.0,24.0,27,8,26
Meyers Leonard,C,26.0,POR,61.0,2.0,14.4,2.2,4.0,0.545,0.8,1.8,0.45,1.3,2.1,0.626,0.649,0.7,0.8,0.843,0.8,3.0,3.8,1.2,0.2,0.1,0.7,1.7,5.9,10595506,7.0,10.0,25,6,6
Jon Leuer,PF,29.0,DET,41.0,1.0,9.8,1.6,2.8,0.584,0.0,0.3,0.091,1.6,2.5,0.637,0.588,0.6,0.8,0.742,0.7,1.7,2.4,0.3,0.3,0.1,0.6,1.5,3.8,10002681,7.0,10.0,29,6,4
Caris LeVert,SF,24.0,BRK,40.0,25.0,26.6,5.2,12.1,0.429,1.2,3.9,0.312,4.0,8.2,0.483,0.478,2.1,3.1,0.691,0.9,2.9,3.8,3.9,1.1,0.4,1.7,1.9,13.7,1702800,3.0,2.0,23,2,14
Damian Lillard,PG,28.0,POR,80.0,80.0,35.5,8.5,19.2,0.444,3.0,8.0,0.369,5.6,11.1,0.499,0.522,5.9,6.4,0.912,0.9,3.8,4.6,6.9,1.1,0.4,2.7,1.9,25.8,27977689,7.0,28.0,27,6,26
Shaun Livingston,PG,33.0,GSW,64.0,0.0,15.1,1.7,3.3,0.519,0.0,0.0,0.0,1.7,3.3,0.524,0.519,0.6,0.8,0.784,0.7,1.2,1.8,1.8,0.5,0.4,0.6,1.2,4.0,8307692,13.0,8.0,33,12,4
Kevon Looney,C,22.0,GSW,80.0,24.0,18.5,2.7,4.3,0.625,0.0,0.1,0.1,2.7,4.2,0.6409999999999999,0.627,0.8,1.3,0.619,2.4,2.8,5.2,1.5,0.6,0.7,0.6,2.6,6.3,1512601,4.0,2.0,20,4,6
Brook Lopez,C,30.0,MIL,81.0,81.0,28.7,4.4,9.7,0.452,2.3,6.3,0.365,2.1,3.4,0.613,0.5710000000000001,1.4,1.6,0.8420000000000001,0.4,4.5,4.9,1.2,0.6,2.2,1.0,2.3,12.5,3382000,11.0,4.0,29,10,12
Robin Lopez,C,30.0,CHI,74.0,36.0,21.7,4.1,7.2,0.568,0.1,0.4,0.226,4.0,6.8,0.589,0.575,1.2,1.7,0.7240000000000001,1.9,2.0,3.9,1.2,0.1,1.1,1.3,1.7,9.5,14357750,11.0,14.0,29,10,10
Kevin Love,PF,30.0,CLE,22.0,21.0,27.2,5.0,12.9,0.385,2.4,6.7,0.361,2.5,6.2,0.41200000000000003,0.479,4.7,5.2,0.904,1.5,9.4,10.9,2.2,0.3,0.2,1.9,2.5,17.0,24119025,11.0,24.0,29,10,16
Kyle Lowry,PG,32.0,TOR,65.0,65.0,34.0,4.7,11.4,0.41100000000000003,2.4,7.0,0.34700000000000003,2.3,4.4,0.514,0.518,2.5,3.0,0.83,0.6,4.2,4.8,8.7,1.4,0.5,2.8,2.6,14.2,31200000,13.0,32.0,31,12,14
Tyler Lydon,PF,22.0,DEN,25.0,0.0,3.8,0.4,0.7,0.5,0.2,0.4,0.4,0.2,0.3,0.625,0.611,0.0,0.1,0.33299999999999996,0.3,0.4,0.7,0.2,0.1,0.0,0.2,0.4,0.9,1874640,1.0,2.0,20,2,0
Trey Lyles,PF,23.0,DEN,64.0,2.0,17.5,3.2,7.7,0.418,0.8,3.1,0.255,2.4,4.6,0.529,0.47,1.3,1.8,0.698,0.7,3.2,3.8,1.4,0.5,0.4,1.1,1.5,8.5,3364249,4.0,4.0,23,4,8
Shelvin Mack,PG,28.0,TOT,57.0,3.0,21.9,2.9,7.1,0.40399999999999997,0.8,2.3,0.354,2.1,4.8,0.429,0.462,1.0,1.5,0.69,0.3,1.5,1.8,3.2,0.8,0.1,1.2,1.5,7.5,1512601,7.0,2.0,27,6,8
Ian Mahinmi,C,32.0,WAS,34.0,6.0,14.6,1.4,3.1,0.452,0.1,0.5,0.188,1.3,2.6,0.5,0.466,1.2,1.8,0.6890000000000001,1.4,2.4,3.8,0.7,0.7,0.5,0.6,2.5,4.1,15944154,11.0,16.0,31,10,4
Thon Maker,C,21.0,TOT,64.0,5.0,15.2,1.7,4.2,0.40700000000000003,0.8,2.4,0.32,0.9,1.8,0.522,0.498,0.9,1.3,0.667,0.6,2.5,3.2,0.7,0.3,0.8,0.5,1.6,5.0,2799720,3.0,2.0,20,2,4
Lauri Markkanen,PF,21.0,CHI,52.0,51.0,32.3,6.6,15.3,0.43,2.3,6.4,0.361,4.3,8.9,0.479,0.506,3.3,3.8,0.872,1.4,7.6,9.0,1.4,0.7,0.6,1.6,2.3,18.7,4536120,2.0,4.0,20,2,18
Jarell Martin,PF,24.0,ORL,42.0,1.0,7.8,1.0,2.5,0.413,0.5,1.4,0.35100000000000003,0.5,1.1,0.489,0.51,0.2,0.3,0.818,0.3,1.5,1.7,0.4,0.1,0.2,0.3,1.2,2.7,2416222,3.0,2.0,23,2,2
Luc Mbah a Moute,PF,32.0,LAC,4.0,0.0,15.3,2.0,4.5,0.444,0.5,1.5,0.33299999999999996,1.5,3.0,0.5,0.5,0.5,1.3,0.4,0.5,1.3,1.8,0.5,0.3,0.3,0.5,2.0,5.0,4320500,10.0,4.0,31,10,4
Patrick McCaw,SG,23.0,TOT,29.0,1.0,13.7,0.9,2.2,0.413,0.3,1.0,0.321,0.6,1.2,0.486,0.484,0.4,0.5,0.867,0.2,1.4,1.7,1.0,0.8,0.1,0.6,1.3,2.6,777665,3.0,0.5,23,2,2
CJ McCollum,SG,27.0,POR,70.0,70.0,33.9,8.2,17.8,0.45899999999999996,2.4,6.4,0.375,5.8,11.4,0.506,0.527,2.3,2.7,0.828,0.9,3.1,4.0,3.0,0.8,0.4,1.5,2.5,21.0,25759766,6.0,26.0,27,6,20
Doug McDermott,SF,27.0,IND,77.0,1.0,17.4,2.7,5.5,0.491,1.1,2.7,0.408,1.6,2.8,0.569,0.59,0.9,1.0,0.835,0.2,1.2,1.4,0.9,0.2,0.1,0.5,1.4,7.3,7333333,5.0,8.0,27,4,8
JaVale McGee,C,31.0,LAL,75.0,62.0,22.3,5.3,8.5,0.624,0.0,0.2,0.083,5.3,8.4,0.634,0.625,1.3,2.0,0.632,2.6,4.9,7.5,0.7,0.6,2.0,1.4,2.8,12.0,1512601,11.0,2.0,31,10,12
Ben McLemore,SG,25.0,SAC,19.0,0.0,8.3,1.3,3.4,0.391,0.9,2.2,0.415,0.4,1.2,0.348,0.523,0.4,0.6,0.667,0.2,0.7,0.9,0.2,0.3,0.2,0.3,1.2,3.9,5460000,6.0,6.0,25,6,4
Jordan McRae,SG,27.0,WAS,27.0,0.0,12.3,2.3,4.8,0.469,0.4,1.3,0.28600000000000003,1.9,3.5,0.537,0.508,1.0,1.3,0.8,0.2,1.3,1.5,1.1,0.5,0.3,0.6,1.0,5.9,17092,3.0,0.5,27,2,6
Jodie Meeks,SG,31.0,TOR,8.0,0.0,13.0,2.6,4.9,0.5379999999999999,1.0,2.3,0.444,1.6,2.6,0.619,0.6409999999999999,0.1,0.1,1.0,0.1,1.4,1.5,1.0,0.1,0.1,0.3,0.6,6.4,3454500,9.0,4.0,31,8,6
De'Anthony Melton,PG,20.0,PHO,50.0,31.0,19.7,2.0,5.1,0.391,0.6,1.9,0.305,1.4,3.2,0.441,0.447,0.4,0.6,0.75,0.5,2.2,2.7,3.2,1.4,0.5,1.5,2.3,5.0,949000,1.0,0.5,20,2,4
Chimezie Metu,PF,21.0,SAS,29.0,0.0,5.0,0.7,2.0,0.32799999999999996,0.0,0.1,0.0,0.7,1.9,0.33899999999999997,0.32799999999999996,0.4,0.6,0.765,0.3,0.9,1.2,0.4,0.2,0.1,0.5,0.5,1.8,838464,1.0,0.5,20,2,2
Khris Middleton,SF,27.0,MIL,77.0,77.0,31.1,6.6,14.9,0.441,2.3,6.2,0.37799999999999995,4.2,8.8,0.485,0.519,2.8,3.4,0.8370000000000001,0.6,5.3,6.0,4.3,1.0,0.1,2.3,2.2,18.3,13000000,7.0,12.0,27,6,18
C.J. Miles,SF,31.0,TOT,53.0,1.0,16.2,2.1,5.9,0.36,1.3,3.8,0.33,0.8,2.0,0.41700000000000004,0.46799999999999997,0.9,1.1,0.828,0.2,1.5,1.8,0.7,0.5,0.3,0.6,1.5,6.4,8333333,14.0,8.0,31,14,6
Darius Miller,SF,28.0,NOP,69.0,15.0,25.5,2.7,7.0,0.39,1.9,5.3,0.365,0.8,1.7,0.467,0.528,0.8,1.0,0.789,0.2,1.7,1.9,2.1,0.6,0.3,0.9,2.4,8.2,2205000,4.0,2.0,27,4,8
Patty Mills,PG,30.0,SAS,82.0,1.0,23.3,3.4,8.1,0.425,1.9,4.9,0.39399999999999996,1.5,3.2,0.475,0.545,1.1,1.3,0.8540000000000001,0.3,1.9,2.2,3.0,0.6,0.1,1.1,1.6,9.9,11571429,10.0,12.0,29,10,10
Paul Millsap,PF,33.0,DEN,70.0,65.0,27.1,4.6,9.5,0.484,0.8,2.3,0.365,3.8,7.2,0.522,0.528,2.6,3.6,0.727,2.2,5.0,7.2,2.0,1.2,0.8,1.4,2.6,12.6,29230769,13.0,30.0,33,12,12
Donovan Mitchell,SG,22.0,UTA,77.0,77.0,33.7,8.6,19.9,0.43200000000000005,2.4,6.7,0.36200000000000004,6.1,13.1,0.46799999999999997,0.493,4.1,5.1,0.8059999999999999,0.8,3.3,4.1,4.2,1.4,0.4,2.8,2.7,23.8,3111480,2.0,4.0,20,2,24
Malik Monk,SG,20.0,CHO,73.0,0.0,17.2,3.1,8.0,0.387,1.5,4.5,0.33,1.6,3.5,0.461,0.48,1.2,1.4,0.882,0.2,1.7,1.9,1.6,0.5,0.3,1.2,1.5,8.9,3447480,2.0,4.0,20,2,8
Greg Monroe,C,28.0,TOT,43.0,2.0,11.2,2.1,4.4,0.48700000000000004,0.0,0.1,0.2,2.1,4.3,0.495,0.489,1.0,1.7,0.625,1.6,2.4,4.0,0.6,0.3,0.2,0.7,1.5,5.3,59820,8.0,0.5,27,8,6
E'Twaun Moore,SG,29.0,NOP,53.0,36.0,27.6,4.8,10.0,0.48100000000000004,1.4,3.3,0.43200000000000005,3.4,6.7,0.506,0.5529999999999999,0.8,1.1,0.763,0.7,1.7,2.4,1.9,0.8,0.2,1.1,2.1,11.9,8808685,8.0,8.0,29,8,12
Markieff Morris,PF,29.0,TOT,58.0,16.0,21.9,3.5,8.3,0.42100000000000004,1.2,3.5,0.335,2.3,4.8,0.484,0.49200000000000005,1.2,1.6,0.772,1.1,3.5,4.6,1.4,0.6,0.4,0.9,3.0,9.4,427288,8.0,0.5,29,8,10
Monte Morris,PG,23.0,DEN,82.0,6.0,24.0,4.2,8.6,0.493,1.1,2.8,0.414,3.1,5.8,0.531,0.56,0.8,1.0,0.802,0.4,1.9,2.4,3.6,0.9,0.0,0.6,1.2,10.4,1349383,2.0,2.0,23,2,10
Emmanuel Mudiay,PG,22.0,NYK,59.0,42.0,27.2,5.6,12.5,0.446,1.2,3.6,0.32899999999999996,4.4,9.0,0.49200000000000005,0.493,2.4,3.2,0.774,0.6,2.8,3.3,3.9,0.7,0.3,2.4,1.7,14.8,4294480,4.0,4.0,20,4,14
Jamal Murray,PG,21.0,DEN,75.0,74.0,32.6,6.8,15.6,0.43700000000000006,2.0,5.5,0.36700000000000005,4.8,10.1,0.47600000000000003,0.502,2.5,3.0,0.848,0.9,3.4,4.2,4.8,0.9,0.4,2.1,2.0,18.2,3499800,3.0,4.0,20,2,18
Mike Muscala,PF,27.0,TOT,64.0,10.0,20.4,2.3,5.6,0.402,1.4,4.0,0.348,0.9,1.6,0.5329999999999999,0.525,1.1,1.3,0.8240000000000001,0.9,2.9,3.8,1.2,0.3,0.6,0.8,2.0,7.0,5000000,6.0,4.0,27,6,6
Sviatoslav Mykhailiuk,SF,21.0,TOT,42.0,0.0,10.5,1.1,3.3,0.32899999999999996,0.7,2.1,0.326,0.4,1.2,0.33299999999999996,0.43200000000000005,0.3,0.5,0.6,0.2,0.6,0.9,0.9,0.3,0.0,0.5,0.6,3.2,1487694,1.0,2.0,20,2,4
Abdel Nader,SF,25.0,OKC,61.0,1.0,11.4,1.5,3.5,0.423,0.5,1.6,0.32,1.0,1.9,0.513,0.498,0.4,0.6,0.75,0.2,1.7,1.9,0.3,0.3,0.2,0.4,1.1,4.0,1378242,2.0,2.0,25,2,4
Shabazz Napier,PG,27.0,BRK,56.0,2.0,17.6,3.0,7.8,0.389,1.4,4.1,0.33299999999999996,1.7,3.7,0.449,0.47600000000000003,2.1,2.5,0.833,0.3,1.5,1.8,2.6,0.7,0.3,1.2,1.2,9.4,1942422,5.0,2.0,27,4,10
Raul Neto,PG,26.0,UTA,37.0,1.0,12.8,2.0,4.4,0.46,0.5,1.6,0.33299999999999996,1.5,2.7,0.535,0.522,0.8,0.9,0.848,0.2,1.5,1.7,2.5,0.4,0.1,0.9,1.3,5.3,2150000,4.0,2.0,25,4,6
Georges Niang,PF,25.0,UTA,59.0,0.0,8.7,1.5,3.1,0.475,0.7,1.8,0.41,0.7,1.3,0.5660000000000001,0.594,0.3,0.4,0.833,0.2,1.3,1.5,0.6,0.2,0.1,0.4,1.0,4.0,1512601,3.0,2.0,25,2,4
Joakim Noah,C,33.0,MEM,42.0,1.0,16.5,2.6,5.1,0.516,0.0,0.0,0.0,2.6,5.0,0.519,0.516,1.9,2.6,0.716,1.4,4.3,5.7,2.1,0.5,0.7,1.2,2.3,7.1,1093858,11.0,2.0,33,10,8
Nerlens Noel,C,24.0,OKC,77.0,2.0,13.7,2.1,3.6,0.5870000000000001,0.0,0.0,0.0,2.1,3.6,0.5870000000000001,0.5870000000000001,0.7,1.0,0.684,1.6,2.6,4.2,0.6,0.9,1.2,0.6,2.2,4.9,1757429,5.0,2.0,23,4,4
Dirk Nowitzki,PF,40.0,DAL,51.0,20.0,15.6,2.6,7.4,0.359,1.3,4.0,0.312,1.4,3.4,0.415,0.444,0.8,1.0,0.78,0.1,3.0,3.1,0.7,0.2,0.4,0.4,1.5,7.3,5000000,20.0,4.0,39,20,8
Frank Ntilikina,PG,20.0,NYK,43.0,16.0,21.0,2.2,6.6,0.337,0.8,2.7,0.287,1.4,3.9,0.371,0.395,0.5,0.7,0.767,0.3,1.7,2.0,2.8,0.7,0.3,1.3,2.4,5.7,4155720,2.0,4.0,20,2,6
Kyle O'Quinn,C,28.0,IND,45.0,3.0,8.2,1.5,3.0,0.507,0.0,0.3,0.083,1.5,2.8,0.5479999999999999,0.511,0.4,0.5,0.81,0.6,2.0,2.6,1.2,0.2,0.6,0.7,1.5,3.5,4449000,7.0,4.0,27,6,4
Semi Ojeleye,PF,24.0,BOS,56.0,3.0,10.6,1.2,2.8,0.424,0.5,1.6,0.315,0.7,1.2,0.565,0.513,0.4,0.7,0.615,0.4,1.1,1.5,0.4,0.2,0.1,0.3,0.8,3.3,1378242,2.0,2.0,23,2,4
Jahlil Okafor,C,23.0,NOP,59.0,24.0,15.8,3.6,6.1,0.586,0.0,0.1,0.2,3.6,6.1,0.591,0.5870000000000001,1.0,1.5,0.6629999999999999,1.4,3.3,4.7,0.7,0.3,0.7,0.9,1.6,8.2,1567707,4.0,2.0,23,4,8
Josh Okogie,SG,20.0,MIN,74.0,52.0,23.7,2.6,6.9,0.386,0.8,2.9,0.27899999999999997,1.8,4.0,0.46399999999999997,0.445,1.6,2.2,0.728,0.6,2.4,2.9,1.2,1.2,0.4,0.9,2.2,7.7,2160720,1.0,2.0,20,2,8
Victor Oladipo,SG,26.0,IND,36.0,36.0,31.9,6.9,16.3,0.423,2.1,6.0,0.34299999999999997,4.9,10.3,0.47,0.486,2.9,3.9,0.73,0.6,5.0,5.6,5.2,1.7,0.3,2.3,2.0,18.8,21000000,6.0,20.0,25,6,18
Kelly Olynyk,PF,27.0,MIA,79.0,36.0,22.9,3.3,7.1,0.46299999999999997,1.4,4.0,0.354,1.9,3.1,0.604,0.563,1.9,2.3,0.8220000000000001,0.9,3.8,4.7,1.8,0.7,0.5,1.4,2.3,10.0,12537527,6.0,12.0,27,6,10
Cedi Osman,SF,23.0,CLE,76.0,75.0,32.2,4.7,11.1,0.42700000000000005,1.7,4.9,0.348,3.0,6.2,0.489,0.504,1.9,2.4,0.779,0.6,4.1,4.7,2.6,0.8,0.1,1.5,2.6,13.0,2775000,2.0,2.0,23,2,12
Zaza Pachulia,C,34.0,DET,68.0,3.0,12.9,1.3,2.8,0.44,0.0,0.1,0.0,1.3,2.8,0.45,0.44,1.4,1.8,0.782,1.5,2.4,3.9,1.3,0.5,0.3,0.8,2.2,3.9,1512601,15.0,2.0,33,14,4
Jabari Parker,PF,23.0,TOT,64.0,17.0,26.9,5.8,11.7,0.493,1.0,3.0,0.313,4.8,8.7,0.556,0.5329999999999999,2.0,2.9,0.7120000000000001,1.2,5.3,6.6,2.4,0.7,0.5,2.4,2.3,14.5,20000000,5.0,20.0,23,4,14
Tony Parker,PG,36.0,CHO,56.0,0.0,17.9,3.8,8.3,0.46,0.2,0.9,0.255,3.6,7.4,0.485,0.474,1.6,2.2,0.7340000000000001,0.3,1.2,1.5,3.7,0.4,0.1,1.3,0.9,9.5,5000000,17.0,4.0,35,16,10
Chandler Parsons,SF,30.0,MEM,25.0,3.0,19.8,2.7,7.3,0.374,1.2,3.8,0.309,1.6,3.5,0.44299999999999995,0.45299999999999996,0.9,1.0,0.88,0.2,2.6,2.8,1.7,0.8,0.2,1.3,1.8,7.5,24107258,8.0,24.0,29,8,8
Patrick Patterson,PF,29.0,OKC,63.0,5.0,13.7,1.3,3.5,0.374,0.7,2.2,0.336,0.6,1.3,0.439,0.479,0.3,0.5,0.633,0.7,1.7,2.3,0.5,0.3,0.2,0.3,0.7,3.6,5451600,9.0,6.0,29,8,4
Justin Patton,C,21.0,PHI,3.0,0.0,7.0,0.7,2.3,0.28600000000000003,0.0,0.7,0.0,0.7,1.7,0.4,0.28600000000000003,0.3,0.7,0.5,0.7,1.3,2.0,1.0,0.7,0.0,0.0,1.7,1.7,2667600,2.0,2.0,20,2,2
Chris Paul,PG,33.0,HOU,58.0,58.0,32.0,5.2,12.4,0.419,2.2,6.1,0.358,3.0,6.3,0.479,0.508,3.0,3.5,0.862,0.6,3.9,4.6,8.2,2.0,0.3,2.6,2.5,15.6,35654150,14.0,36.0,33,14,16
Cameron Payne,PG,24.0,TOT,40.0,13.0,17.8,2.4,5.6,0.43,0.6,2.1,0.298,1.8,3.5,0.511,0.48700000000000004,0.8,1.0,0.805,0.3,1.5,1.8,2.7,0.7,0.2,1.1,1.6,6.3,3263294,3.0,4.0,23,2,6
Elfrid Payton,PG,24.0,NOP,42.0,42.0,29.8,4.3,9.8,0.434,0.8,2.5,0.314,3.5,7.3,0.47600000000000003,0.475,1.3,1.8,0.743,1.2,4.1,5.2,7.6,1.0,0.4,2.7,1.9,10.6,3000000,5.0,2.0,23,4,10
Mason Plumlee,C,28.0,DEN,82.0,17.0,21.1,3.2,5.4,0.593,0.0,0.1,0.2,3.2,5.3,0.602,0.595,1.4,2.4,0.561,2.0,4.4,6.4,3.0,0.8,0.9,1.5,3.1,7.8,12917808,6.0,12.0,27,6,8
Miles Plumlee,C,30.0,ATL,18.0,0.0,9.6,1.8,2.7,0.667,0.0,0.0,0.0,1.8,2.7,0.667,0.667,0.9,1.7,0.5329999999999999,0.9,1.3,2.2,0.9,0.3,0.2,0.6,0.8,4.4,12500000,6.0,12.0,29,6,4
Quincy Pondexter,SF,30.0,SAS,53.0,0.0,5.5,0.5,1.1,0.5,0.1,0.3,0.33299999999999996,0.4,0.8,0.575,0.552,0.6,0.8,0.81,0.2,0.7,0.9,0.5,0.2,0.0,0.2,0.5,1.8,1512601,6.0,2.0,29,6,2
Bobby Portis,PF,23.0,TOT,50.0,28.0,26.0,5.6,12.6,0.444,1.5,3.8,0.39299999999999996,4.1,8.7,0.467,0.504,1.5,1.9,0.794,2.2,5.9,8.1,1.4,0.7,0.4,1.5,2.9,14.2,2494346,4.0,2.0,23,4,14
Dwight Powell,C,27.0,DAL,77.0,22.0,21.6,3.8,6.3,0.597,0.5,1.6,0.307,3.3,4.7,0.6990000000000001,0.637,2.5,3.3,0.772,1.8,3.5,5.3,1.5,0.6,0.6,0.9,2.6,10.6,9631250,5.0,10.0,27,4,10
Norman Powell,SG,25.0,TOR,60.0,3.0,18.8,3.2,6.7,0.483,1.1,2.8,0.4,2.1,3.8,0.5429999999999999,0.568,1.0,1.3,0.8270000000000001,0.3,2.1,2.3,1.5,0.7,0.2,1.1,1.6,8.6,9367200,4.0,10.0,25,4,8
Zhou Qi,PF,23.0,HOU,1.0,0.0,1.0,1.0,1.0,1.0,0.0,0.0,0.0,1.0,1.0,1.0,1.0,0.0,0.0,0.0,0.0,0.0,0.0,0.0,0.0,0.0,0.0,0.0,2.0,1378242,1.0,2.0,23,2,2
Ivan Rabb,PF,21.0,MEM,49.0,13.0,14.7,2.4,4.3,0.547,0.1,0.3,0.2,2.3,4.0,0.574,0.5539999999999999,1.0,1.4,0.71,1.4,2.8,4.2,1.1,0.3,0.3,0.7,1.8,5.8,1378242,1.0,2.0,20,2,6
Julius Randle,PF,24.0,NOP,73.0,49.0,30.6,7.8,14.9,0.524,0.9,2.7,0.344,6.9,12.2,0.564,0.555,4.9,6.7,0.731,2.2,6.5,8.7,3.1,0.7,0.6,2.8,3.4,21.4,8641000,5.0,8.0,23,4,22
Josh Richardson,SG,25.0,MIA,73.0,73.0,34.8,5.8,14.1,0.41200000000000003,2.2,6.3,0.35700000000000004,3.5,7.8,0.45799999999999996,0.49200000000000005,2.7,3.2,0.861,0.7,2.9,3.6,4.1,1.1,0.5,1.5,2.7,16.6,9367200,4.0,10.0,25,4,16
Malachi Richardson,SG,23.0,TOR,22.0,0.0,4.7,0.4,1.3,0.31,0.4,1.1,0.32,0.0,0.2,0.25,0.44799999999999995,0.2,0.2,0.8,0.1,0.5,0.6,0.0,0.0,0.0,0.4,0.6,1.4,1569360,2.0,2.0,23,2,2
Austin Rivers,SG,26.0,TOT,76.0,15.0,26.7,3.1,7.5,0.406,1.4,4.3,0.318,1.7,3.2,0.522,0.49700000000000005,0.7,1.3,0.526,0.3,1.8,2.1,2.2,0.6,0.3,0.9,2.7,8.1,922943,7.0,0.5,25,6,8
Jerome Robinson,SG,21.0,LAC,33.0,0.0,9.7,1.3,3.3,0.4,0.5,1.7,0.316,0.8,1.6,0.491,0.48200000000000004,0.2,0.3,0.667,0.1,1.2,1.2,0.6,0.3,0.1,0.4,1.4,3.4,3046200,1.0,4.0,20,2,4
Mitchell Robinson,C,20.0,NYK,66.0,19.0,20.6,3.1,4.4,0.6940000000000001,0.0,0.0,0.0,3.1,4.4,0.6940000000000001,0.6940000000000001,1.2,2.0,0.6,2.7,3.7,6.4,0.6,0.8,2.4,0.5,3.3,7.3,1485440,1.0,2.0,20,2,8
Rajon Rondo,PG,32.0,LAL,46.0,29.0,29.8,3.8,9.4,0.405,1.1,3.1,0.359,2.7,6.3,0.428,0.46399999999999997,0.5,0.8,0.639,0.7,4.5,5.3,8.0,1.2,0.2,2.8,2.2,9.2,9000000,13.0,8.0,31,12,10
Derrick Rose,PG,30.0,MIN,51.0,13.0,27.3,7.1,14.8,0.48200000000000004,1.1,2.9,0.37,6.1,11.9,0.509,0.518,2.7,3.1,0.856,0.6,2.1,2.7,4.3,0.6,0.2,1.6,1.1,18.0,1512601,10.0,2.0,29,10,18
Terrence Ross,SG,27.0,ORL,81.0,0.0,26.5,5.4,12.7,0.428,2.7,7.0,0.38299999999999995,2.8,5.7,0.484,0.534,1.6,1.8,0.875,0.3,3.1,3.5,1.7,0.9,0.4,1.1,1.5,15.1,10500000,7.0,10.0,27,6,16
Terry Rozier,PG,24.0,BOS,79.0,14.0,22.7,3.3,8.4,0.387,1.5,4.3,0.353,1.8,4.2,0.42200000000000004,0.47700000000000004,0.9,1.2,0.785,0.4,3.5,3.9,2.9,0.9,0.3,0.9,1.3,9.0,3050390,4.0,4.0,23,4,8
Ricky Rubio,PG,28.0,UTA,68.0,67.0,27.9,4.3,10.7,0.40399999999999997,1.2,3.7,0.311,3.2,7.0,0.45399999999999996,0.45799999999999996,2.9,3.4,0.855,0.5,3.1,3.6,6.1,1.3,0.1,2.6,2.6,12.7,14975000,8.0,14.0,27,8,12
D'Angelo Russell,PG,22.0,BRK,81.0,81.0,30.2,8.1,18.7,0.434,2.9,7.8,0.369,5.2,10.9,0.48200000000000004,0.512,2.0,2.5,0.78,0.7,3.2,3.9,7.0,1.2,0.2,3.1,1.7,21.1,7019698,4.0,8.0,20,4,22
Domantas Sabonis,C,22.0,IND,74.0,5.0,24.8,5.6,9.5,0.59,0.1,0.2,0.529,5.5,9.2,0.5920000000000001,0.596,2.8,3.9,0.715,2.5,6.8,9.3,2.9,0.6,0.4,2.2,3.2,14.1,2659800,3.0,2.0,20,2,14
Mike Scott,PF,30.0,TOT,79.0,3.0,17.7,2.1,5.3,0.4,1.3,3.2,0.401,0.8,2.1,0.39899999999999997,0.52,0.3,0.4,0.667,0.5,2.9,3.5,0.8,0.3,0.2,0.6,2.0,5.8,4320500,7.0,4.0,29,6,6
Thabo Sefolosha,SF,34.0,UTA,50.0,2.0,12.2,1.4,3.0,0.47700000000000004,0.7,1.6,0.436,0.7,1.4,0.521,0.591,0.3,0.4,0.636,0.2,2.3,2.5,0.5,0.9,0.1,0.5,0.8,3.8,5250000,13.0,6.0,33,12,4
Collin Sexton,PG,20.0,CLE,82.0,72.0,31.8,6.3,14.7,0.43,1.5,3.6,0.402,4.9,11.1,0.44,0.48,2.6,3.1,0.8390000000000001,0.7,2.2,2.9,3.0,0.5,0.1,2.3,2.3,16.7,4068600,1.0,4.0,20,2,16
Landry Shamet,SG,21.0,TOT,79.0,27.0,22.8,3.0,7.1,0.431,2.1,5.0,0.42200000000000004,0.9,2.0,0.45299999999999996,0.581,0.9,1.2,0.8059999999999999,0.3,1.4,1.7,1.5,0.5,0.1,0.6,2.0,9.1,1703649,1.0,2.0,20,2,10
Iman Shumpert,SG,28.0,TOT,62.0,41.0,23.9,2.7,7.2,0.374,1.5,4.4,0.348,1.2,2.8,0.41600000000000004,0.48100000000000004,0.6,0.7,0.8,0.4,2.5,3.0,1.8,1.0,0.4,0.8,2.0,7.5,11011234,8.0,12.0,27,8,8
Pascal Siakam,PF,24.0,TOR,80.0,79.0,31.9,6.5,11.8,0.5489999999999999,1.0,2.7,0.369,5.5,9.1,0.602,0.591,3.0,3.8,0.785,1.6,5.3,6.9,3.1,0.9,0.7,1.9,3.0,16.9,1544951,3.0,2.0,23,2,16
Ben Simmons,PG,22.0,PHI,79.0,79.0,34.2,6.8,12.2,0.563,0.0,0.1,0.0,6.8,12.1,0.5660000000000001,0.563,3.3,5.4,0.6,2.2,6.6,8.8,7.7,1.4,0.8,3.5,2.6,16.9,6434520,2.0,6.0,20,2,16
Anfernee Simons,SG,19.0,POR,20.0,1.0,7.1,1.4,3.2,0.444,0.5,1.5,0.345,0.9,1.7,0.529,0.524,0.5,0.8,0.563,0.2,0.5,0.7,0.7,0.1,0.0,0.6,0.5,3.8,1760520,1.0,2.0,20,2,4
Marcus Smart,SG,24.0,BOS,80.0,60.0,27.5,3.0,7.1,0.42200000000000004,1.6,4.3,0.364,1.4,2.8,0.511,0.5329999999999999,1.3,1.6,0.8059999999999999,0.7,2.2,2.9,4.0,1.8,0.4,1.5,2.5,8.9,11660716,5.0,12.0,23,4,8
Jason Smith,C,32.0,TOT,20.0,1.0,9.5,1.1,3.0,0.35600000000000004,0.5,1.3,0.34600000000000003,0.6,1.7,0.364,0.43200000000000005,0.7,0.8,0.875,0.8,1.8,2.6,0.7,0.2,0.4,0.7,1.5,3.3,5450000,10.0,6.0,31,10,4
Zhaire Smith,SG,19.0,PHI,6.0,2.0,18.5,2.3,5.7,0.41200000000000003,1.0,2.7,0.375,1.3,3.0,0.444,0.5,1.0,1.3,0.75,0.5,1.7,2.2,1.7,0.3,0.3,1.0,1.3,6.7,2526840,1.0,2.0,20,2,6
Tony Snell,SF,27.0,MIL,74.0,12.0,17.6,2.2,4.9,0.452,1.1,2.8,0.397,1.1,2.1,0.522,0.564,0.5,0.6,0.8809999999999999,0.4,1.7,2.1,0.9,0.4,0.2,0.3,1.2,6.0,10807143,6.0,10.0,27,6,6
Ray Spalding,PF,21.0,TOT,14.0,3.0,10.6,1.8,3.4,0.532,0.0,0.2,0.0,1.8,3.1,0.568,0.532,0.3,0.9,0.33299999999999996,1.1,2.4,3.4,0.4,0.6,0.6,0.6,1.6,3.9,184746,0.0,0.5,20,0,4
Omari Spellman,PF,21.0,ATL,46.0,11.0,17.5,2.1,5.3,0.402,1.0,2.8,0.344,1.2,2.5,0.466,0.49200000000000005,0.7,1.0,0.711,1.6,2.7,4.2,1.0,0.6,0.5,0.7,1.5,5.9,1620480,1.0,2.0,20,2,6
Nik Stauskas,SG,25.0,TOT,68.0,0.0,14.9,2.0,5.0,0.402,1.0,2.8,0.37200000000000005,1.0,2.2,0.44,0.506,0.8,0.9,0.8909999999999999,0.3,1.6,1.9,1.2,0.3,0.1,0.8,0.7,5.9,504200,4.0,0.5,25,4,6
Lance Stephenson,SG,28.0,LAL,68.0,3.0,16.5,2.7,6.4,0.426,1.1,2.9,0.371,1.6,3.5,0.47200000000000003,0.51,0.7,1.1,0.685,0.5,2.7,3.2,2.1,0.6,0.1,1.3,1.6,7.2,4449000,8.0,4.0,27,8,8
Caleb Swanigan,PF,21.0,TOT,21.0,0.0,8.5,0.9,2.5,0.34,0.0,0.3,0.14300000000000002,0.8,2.2,0.37,0.349,0.3,0.4,0.667,0.8,2.2,3.0,0.5,0.3,0.0,0.9,1.3,2.0,1740000,2.0,2.0,20,2,2
Jayson Tatum,SF,20.0,BOS,79.0,79.0,31.1,5.9,13.1,0.45,1.5,3.9,0.373,4.4,9.2,0.483,0.506,2.5,2.9,0.855,0.9,5.2,6.0,2.1,1.1,0.7,1.5,2.1,15.7,6700800,2.0,6.0,20,2,16
Jeff Teague,PG,30.0,MIN,42.0,41.0,30.1,4.2,9.9,0.423,0.8,2.5,0.33299999999999996,3.4,7.4,0.45299999999999996,0.465,2.9,3.6,0.804,0.4,2.1,2.5,8.2,1.0,0.4,2.3,2.1,12.1,19000000,10.0,18.0,29,10,12
Isaiah Thomas,SG,29.0,DEN,12.0,0.0,15.1,2.8,8.3,0.34299999999999997,1.0,3.6,0.27899999999999997,1.8,4.7,0.39299999999999996,0.40399999999999997,1.4,2.3,0.63,0.4,0.7,1.1,1.9,0.4,0.1,1.5,1.4,8.1,1512601,8.0,2.0,29,8,8
Khyri Thomas,SG,22.0,DET,26.0,0.0,7.5,0.8,2.7,0.319,0.4,1.3,0.28600000000000003,0.5,1.3,0.353,0.391,0.3,0.4,0.636,0.2,0.6,0.8,0.3,0.3,0.2,0.2,0.8,2.3,838464,1.0,0.5,20,2,2
Klay Thompson,SG,28.0,GSW,78.0,78.0,34.0,8.4,18.0,0.467,3.1,7.7,0.402,5.3,10.3,0.516,0.5529999999999999,1.7,2.0,0.816,0.5,3.4,3.8,2.4,1.1,0.6,1.5,2.0,21.5,18988725,7.0,18.0,27,6,22
Tristan Thompson,C,27.0,CLE,43.0,40.0,27.9,4.7,8.8,0.529,0.0,0.0,0.0,4.7,8.8,0.529,0.529,1.6,2.5,0.642,4.0,6.2,10.2,2.0,0.7,0.4,1.4,2.1,10.9,17469565,8.0,18.0,27,8,10
Sindarius Thornwell,SG,24.0,LAC,64.0,1.0,4.9,0.3,0.8,0.34700000000000003,0.0,0.2,0.2,0.2,0.5,0.41200000000000003,0.37799999999999995,0.4,0.5,0.735,0.1,0.6,0.7,0.3,0.2,0.1,0.3,0.6,1.0,1378242,1.0,2.0,23,2,2
Karl-Anthony Towns,C,23.0,MIN,77.0,77.0,33.1,8.8,17.1,0.518,1.8,4.6,0.4,7.0,12.5,0.562,0.5720000000000001,4.9,5.8,0.836,3.4,9.0,12.4,3.4,0.9,1.6,3.1,3.8,24.4,7839435,4.0,8.0,23,4,24
P.J. Tucker,PF,33.0,HOU,82.0,82.0,34.2,2.5,6.4,0.396,1.8,4.7,0.377,0.7,1.7,0.449,0.535,0.5,0.7,0.695,1.5,4.4,5.8,1.2,1.6,0.5,0.8,3.1,7.3,7969537,8.0,8.0,33,8,8
Evan Turner,PG,30.0,POR,73.0,2.0,22.0,2.8,6.1,0.46,0.2,0.7,0.212,2.6,5.4,0.494,0.473,1.0,1.5,0.708,0.5,4.0,4.5,3.9,0.5,0.2,1.6,1.5,6.8,17868853,9.0,18.0,29,8,6
Myles Turner,C,22.0,IND,74.0,74.0,28.6,5.1,10.5,0.48700000000000004,1.0,2.6,0.38799999999999996,4.1,7.9,0.521,0.536,2.0,2.7,0.736,1.4,5.8,7.2,1.6,0.8,2.7,1.4,2.6,13.3,3410284,4.0,4.0,20,4,14
Ekpe Udoh,C,31.0,UTA,51.0,1.0,6.3,1.0,1.4,0.6940000000000001,0.0,0.0,0.0,1.0,1.4,0.6940000000000001,0.6940000000000001,0.4,0.6,0.633,0.5,1.2,1.8,0.5,0.2,0.6,0.3,0.7,2.3,3360000,6.0,4.0,31,6,2
Jarred Vanderbilt,PF,19.0,DEN,17.0,0.0,4.1,0.5,1.1,0.474,0.0,0.1,0.0,0.5,1.1,0.5,0.474,0.4,0.6,0.6,0.4,0.9,1.4,0.2,0.4,0.1,0.5,0.5,1.4,838464,1.0,0.5,20,2,2
Noah Vonleh,PF,23.0,NYK,68.0,57.0,25.3,3.0,6.5,0.47,0.7,2.0,0.336,2.4,4.5,0.531,0.523,1.6,2.3,0.7120000000000001,1.7,6.1,7.8,1.9,0.7,0.8,1.3,2.6,8.4,1512601,5.0,2.0,23,4,8
Dwyane Wade,SG,37.0,MIA,72.0,2.0,26.2,5.8,13.3,0.433,1.2,3.6,0.33,4.6,9.7,0.47200000000000003,0.478,2.3,3.2,0.708,1.0,3.0,4.0,4.2,0.8,0.5,2.3,1.6,15.0,1512601,15.0,2.0,37,14,14
Moritz Wagner,C,21.0,LAL,43.0,5.0,10.4,1.7,4.0,0.415,0.5,1.8,0.28600000000000003,1.1,2.2,0.521,0.48,1.0,1.2,0.8109999999999999,0.4,1.6,2.0,0.6,0.3,0.3,0.9,1.3,4.8,1762080,1.0,2.0,20,2,4
Dion Waiters,SG,27.0,MIA,44.0,28.0,25.9,4.5,10.9,0.414,2.5,6.6,0.377,2.0,4.3,0.47100000000000003,0.528,0.5,1.0,0.5,0.2,2.5,2.6,2.8,0.7,0.2,1.5,1.6,12.0,11550000,7.0,12.0,27,6,12
Kemba Walker,PG,28.0,CHO,82.0,82.0,34.9,8.9,20.5,0.434,3.2,8.9,0.35600000000000004,5.7,11.6,0.494,0.511,4.6,5.5,0.8440000000000001,0.6,3.8,4.4,5.9,1.2,0.4,2.6,1.6,25.6,12000000,8.0,12.0,27,8,26
John Wall,PG,28.0,WAS,32.0,32.0,34.5,7.7,17.3,0.444,1.6,5.3,0.302,6.1,12.0,0.507,0.49,3.8,5.5,0.6970000000000001,0.5,3.2,3.6,8.7,1.5,0.9,3.8,2.2,20.7,19169800,8.0,20.0,27,8,20
Tyrone Wallace,PG,24.0,LAC,62.0,0.0,10.1,1.5,3.5,0.424,0.1,0.3,0.21100000000000002,1.4,3.2,0.444,0.433,0.5,0.9,0.526,0.3,1.3,1.6,0.7,0.3,0.1,0.6,1.3,3.5,1349383,2.0,2.0,23,2,4
T.J. Warren,SF,25.0,PHO,43.0,36.0,31.6,6.9,14.2,0.486,1.8,4.2,0.428,5.1,10.0,0.51,0.5489999999999999,2.3,2.9,0.815,0.7,3.3,4.0,1.5,1.2,0.7,1.2,2.8,18.0,11750000,5.0,12.0,25,4,18
Russell Westbrook,PG,30.0,OKC,73.0,73.0,36.0,8.6,20.2,0.428,1.6,5.6,0.29,7.0,14.5,0.48100000000000004,0.46799999999999997,4.1,6.2,0.6559999999999999,1.5,9.6,11.1,10.7,1.9,0.5,4.5,3.4,22.9,35654150,11.0,36.0,29,10,22
Derrick White,PG,24.0,SAS,67.0,55.0,25.8,3.9,8.1,0.479,0.7,2.1,0.33799999999999997,3.2,6.0,0.529,0.523,1.4,1.8,0.772,0.5,3.2,3.7,3.9,1.0,0.7,1.4,2.2,9.9,1667160,2.0,2.0,23,2,10
Hassan Whiteside,C,29.0,MIA,72.0,53.0,23.3,5.4,9.4,0.5710000000000001,0.0,0.2,0.125,5.4,9.2,0.581,0.5720000000000001,1.5,3.4,0.449,3.6,7.8,11.3,0.8,0.6,1.9,1.3,2.7,12.3,25434262,7.0,26.0,29,6,12
Andrew Wiggins,SF,23.0,MIN,73.0,73.0,34.8,6.8,16.6,0.41200000000000003,1.6,4.8,0.33899999999999997,5.2,11.8,0.441,0.461,2.8,4.1,0.6990000000000001,1.1,3.7,4.8,2.5,1.0,0.7,1.9,2.1,18.1,25467250,5.0,26.0,23,4,18
Lou Williams,SG,32.0,LAC,75.0,1.0,26.6,6.5,15.2,0.425,1.4,3.9,0.361,5.1,11.3,0.447,0.47100000000000003,5.7,6.5,0.8759999999999999,0.5,2.4,3.0,5.4,0.8,0.1,2.4,1.1,20.0,8000000,14.0,8.0,31,14,20
Marvin Williams,PF,32.0,CHO,75.0,75.0,28.4,3.7,8.7,0.42200000000000004,1.9,5.1,0.366,1.8,3.6,0.5,0.529,0.9,1.1,0.767,1.0,4.4,5.4,1.2,0.9,0.8,0.6,2.1,10.1,14087500,14.0,14.0,31,14,10
D.J. Wilson,PF,22.0,MIL,48.0,3.0,18.4,2.2,5.2,0.414,1.0,2.6,0.36200000000000004,1.2,2.6,0.46799999999999997,0.506,0.5,1.0,0.5529999999999999,0.9,3.7,4.6,1.1,0.4,0.4,0.7,1.8,5.8,2534280,2.0,2.0,20,2,6
Justise Winslow,SF,22.0,MIA,66.0,52.0,29.7,4.9,11.3,0.433,1.5,3.9,0.375,3.5,7.5,0.462,0.49700000000000005,1.3,2.1,0.628,1.0,4.4,5.4,4.3,1.1,0.3,2.2,2.7,12.6,3448926,4.0,4.0,20,4,12
Delon Wright,PG,26.0,TOT,75.0,13.0,22.7,3.2,7.4,0.434,0.7,2.2,0.298,2.6,5.2,0.49200000000000005,0.478,1.6,2.0,0.7929999999999999,0.9,2.6,3.5,3.3,1.2,0.4,1.0,1.4,8.7,2536898,4.0,2.0,25,4,8
Guerschon Yabusele,PF,23.0,BOS,41.0,1.0,6.1,0.9,1.9,0.455,0.2,0.7,0.321,0.6,1.2,0.531,0.513,0.4,0.5,0.682,0.6,0.7,1.3,0.4,0.2,0.2,0.4,0.8,2.3,2667600,1.0,2.0,23,2,2
Nick Young,SG,33.0,DEN,4.0,0.0,9.3,0.8,2.3,0.33299999999999996,0.8,2.0,0.375,0.0,0.3,0.0,0.5,0.0,0.0,0.0,0.0,0.3,0.3,0.5,0.0,0.3,0.5,1.0,2.3,1042584,11.0,2.0,33,10,2
Thaddeus Young,PF,30.0,IND,81.0,81.0,30.7,5.5,10.4,0.527,0.6,1.8,0.349,4.8,8.6,0.564,0.557,1.1,1.7,0.644,2.4,4.1,6.5,2.5,1.5,0.4,1.5,2.4,12.6,13964045,12.0,14.0,29,12,12
Trae Young,PG,20.0,ATL,81.0,81.0,30.9,6.5,15.5,0.418,1.9,6.0,0.324,4.6,9.6,0.47700000000000004,0.48,4.2,5.1,0.8290000000000001,0.8,2.9,3.7,8.1,0.9,0.2,3.8,1.7,19.1,5356440,1.0,6.0,20,2,20
Cody Zeller,C,26.0,CHO,49.0,47.0,25.4,3.9,7.0,0.551,0.1,0.4,0.273,3.8,6.6,0.57,0.5589999999999999,2.3,2.9,0.787,2.2,4.6,6.8,2.1,0.8,0.8,1.3,3.3,10.1,13528090,6.0,14.0,25,6,10
Tyler Zeller,C,29.0,TOT,6.0,1.0,15.5,2.7,5.0,0.5329999999999999,0.0,0.2,0.0,2.7,4.8,0.552,0.5329999999999999,2.3,3.0,0.778,1.8,2.2,4.0,0.7,0.2,0.5,0.7,3.3,7.7,59820,6.0,0.5,29,6,8
Ivica Zubac,C,21.0,TOT,59.0,37.0,17.6,3.6,6.4,0.5589999999999999,0.0,0.0,0.0,3.6,6.4,0.5589999999999999,0.5589999999999999,1.7,2.1,0.802,1.9,4.2,6.1,1.1,0.2,0.9,1.2,2.3,8.9,1544951,3.0,2.0,20,2,8
